id,url,title,visit_count,typed_count,last_visit_time,hidden
1,https://go.microsoft.com/fwlink/?linkid=2044481,Iniciar sesión | Microsoft 365,1,0,13358952504494622,0
2,https://www.microsoft365.com/?from=OfficeKey,Iniciar sesión | Microsoft 365,2,0,13358952505567033,0
3,https://go.microsoft.com/fwlink/?linkid=2132659&form=MT004A&OCID=MT004A,Bienvenido a Microsoft Edge,2,1,13358953143869368,0
4,https://www.microsoft.com/edge/welcome?form=MT00LJ,Bienvenido a Microsoft Edge,2,0,13358953143869368,0
5,https://www.microsoft.com/es-mx/edge/welcome?form=MT00LJ,Bienvenido a Microsoft Edge,3,0,13358953145864369,0
6,https://www.google.com/searchbyimage?image_url=http://image.prntscr.com/image/kKwvwBZfTuC_h9c42py1aQ.png,Imágenes de Google,1,0,13359500968680220,0
7,https://www.google.com/searchbyimage,Imágenes de Google,2,0,13359833096166139,0
8,https://www.google.com/imghp?sbi=1,Imágenes de Google,4,0,13359833096627009,0
9,https://www.google.com/searchbyimage?image_url=http://image.prntscr.com/image/Cb4fZCSeR46t5GPaBAlexg.png,Imágenes de Google,1,0,13359833096166139,0
11,https://web.whatsapp.com/,WhatsApp,191,0,13364914520192012,0
43,https://www.google.com/search?q=whatsapp+web&rlz=1C1GCEU_esVE1100&oq=&gs_lcrp=EgZjaHJvbWUqCQgAEEUYOxjCAzIJCAAQRRg7GMIDMhEIARAAGAMYQhiPARi0AhjqAjIRCAIQABgDGEIYjwEYtAIY6gIyDwgDEC4YAxiPARi0AhjqAjIRCAQQABgDGEIYjwEYtAIY6gIyEQgFEAAYAxhCGI8BGLQCGOoCMhEIBhAAGAMYQhiPARi0AhjqAjIRCAcQABgDGEIYjwEYtAIY6gLSAQkxMTA5ajBqMTWoAgiwAgE&sourceid=chrome&ie=UTF-8,whatsapp web - Buscar con Google,2,0,13357137656898461,0
44,file:///C:/Users/aadmon06/Downloads/retencion%20vitalclinic%20fact%20142619%20y%20143308%20(1).pdf,retencion vitalclinic fact 142619 y 143308 (1).pdf,1,0,13357138853945263,0
45,file:///C:/Users/aadmon06/Downloads/retencion%20vitalclinic%20fact%20137554%20(1).pdf,retencion vitalclinic fact 137554 (1).pdf,1,0,13357138860299648,0
46,file:///C:/Users/aadmon06/Downloads/827.pdf,827,1,0,13357152065408026,0
47,file:///C:/Users/aadmon06/Downloads/img20240409_10535891plaza%20ahorro.pdf,img20240409_10535891plaza ahorro.pdf,1,0,13357152082115721,0
48,file:///C:/Users/aadmon06/Downloads/142452%20+A.pdf,142452 +A.pdf,1,0,13357156377744135,0
49,file:///C:/Users/aadmon06/Downloads/142478%20fh.pdf,142478 fh.pdf,1,0,13357156392631930,0
50,file:///C:/Users/aadmon06/Downloads/142479%20FFA.pdf,142479 FFA.pdf,1,0,13357156409718425,0
51,file:///C:/Users/aadmon06/Downloads/143069%20fh.pdf,143069 fh.pdf,1,0,13357156424295509,0
52,file:///C:/Users/aadmon06/Downloads/144074%20FE.pdf,144074 FE.pdf,1,0,13357156436750885,0
53,file:///C:/Users/aadmon06/Downloads/RETENCION%200791%20VITALCLINIC%200144591pdffarmacia%20don%20villa.pdf,RETENCION 0791 VITALCLINIC 0144591pdffarmacia don villa.pdf,1,0,13357162394443761,0
54,"file:///C:/Users/aadmon06/Downloads/Ret%20VitalClinic,%20fact%2062062,62119,62121.pdf","Ret VitalClinic, fact 62062,62119,62121.pdf",1,0,13357165469789420,0
55,https://www.google.com/search?q=whatsapp+web&rlz=1C1GCEU_esVE1100&oq=&gs_lcrp=EgZjaHJvbWUqCQgAEEUYOxjCAzIJCAAQRRg7GMIDMhEIARAAGAMYQhiPARi0AhjqAjIRCAIQABgDGEIYjwEYtAIY6gIyDwgDEC4YAxiPARi0AhjqAjIRCAQQABgDGEIYjwEYtAIY6gIyEQgFEAAYAxhCGI8BGLQCGOoCMhEIBhAAGAMYQhiPARi0AhjqAjIRCAcQABgDGEIYjwEYtAIY6gLSAQkxMTE3ajBqMTWoAgiwAgE&sourceid=chrome&ie=UTF-8,whatsapp web - Buscar con Google,2,0,13357170894271348,0
56,file:///C:/Users/aadmon06/Downloads/CamScanner%2009-04-2024%2023.41.pdf,CamScanner 09-04-2024 23.41,1,0,13357224773177845,0
57,https://www.google.com/search?q=indice+de+inversion&rlz=1C1GCEU_esVE1100&oq=indice&gs_lcrp=EgZjaHJvbWUqBwgBEAAYgAQyDAgAEEUYORixAxiABDIHCAEQABiABDINCAIQABiDARixAxiABDIHCAMQABiABDINCAQQABiDARixAxiABDIHCAUQABiABDIHCAYQABiABDIHCAcQABiABDINCAgQABiDARixAxiABDIKCAkQABixAxiABNIBCjEyMDgxajBqMTWoAgiwAgE&sourceid=chrome&ie=UTF-8,indice de inversion - Buscar con Google,2,0,13357232062464697,0
58,https://www.bcv.org.ve/estadisticas/indice-de-inversion,Indice de Inversión (Base=28/10/2019) | Banco Central de Venezuela,47,0,13364914552711051,0
59,file:///C:/Users/aadmon06/Downloads/RET%20IVA%20VITALCLINIC%20FFADOS.pdf,RET IVA VITALCLINIC FFADOS.pdf,1,0,13357239433361274,0
60,file:///C:/Users/aadmon06/Downloads/RET%20IVA%20VITALCLINIC%20FFADOS%20(1).pdf,RET IVA VITALCLINIC FFADOS (1).pdf,1,0,13357239503885688,0
61,https://www.google.com/search?q=whatsapp+web&rlz=1C1GCEU_esVE1100&oq=&gs_lcrp=EgZjaHJvbWUqCQgAEEUYOxjCAzIJCAAQRRg7GMIDMgkIARBFGDsYwgMyEQgCEAAYAxhCGI8BGLQCGOoCMhEIAxAAGAMYQhiPARi0AhjqAjIRCAQQABgDGEIYjwEYtAIY6gIyEQgFEAAYAxhCGI8BGLQCGOoCMhEIBhAAGAMYQhiPARi0AhjqAjIRCAcQABgDGEIYjwEYtAIY6gLSAQkxMDE2ajBqMTWoAgiwAgE&sourceid=chrome&ie=UTF-8,whatsapp web - Buscar con Google,1,0,13357311219787388,0
62,file:///C:/Users/aadmon06/Downloads/Comprobante%20de%20I.V.A._%2020240400179655.pdf,Comprobante de I.V.A._ 20240400179655.pdf,1,0,13357316775554005,0
63,file:///C:/Users/aadmon06/Downloads/Reteneci%C3%B3n%20IVA%202024-04-00000091%20(1).pdf,Reteneción IVA 2024-04-00000091 (1).pdf,1,0,13357318164811373,0
64,https://www.google.com/search?q=indice+de+inversion&rlz=1C1GCEU_esVE1100&oq=&gs_lcrp=EgZjaHJvbWUqCQgBEEUYOxjCAzIJCAAQRRg7GMIDMgkIARBFGDsYwgMyEQgCEAAYAxhCGI8BGLQCGOoCMhEIAxAAGAMYQhiPARi0AhjqAjIRCAQQABgDGEIYjwEYtAIY6gIyEQgFEAAYAxhCGI8BGLQCGOoCMhEIBhAAGAMYQhiPARi0AhjqAjIRCAcQABgDGEIYjwEYtAIY6gLSAQkxMDcwajBqMTWoAgiwAgE&sourceid=chrome&ie=UTF-8,indice de inversion - Buscar con Google,2,0,13357324220373132,0
65,file:///C:/Users/aadmon06/Downloads/retencion144vitalclinic.pdf,retencion144vitalclinic.pdf,1,0,13357324268963245,0
66,file:///C:/Users/aadmon06/Downloads/Reteneci%C3%B3n%20IVA%202024-03-00000088.pdf,Reteneción IVA 2024-03-00000088.pdf,1,0,13357324386210146,0
67,file:///C:/Users/aadmon06/Downloads/retencion144vitalclinic%20(1).pdf,retencion144vitalclinic (1).pdf,1,0,13357324421528262,0
68,file:///C:/Users/aadmon06/Downloads/RET%20VITALCLINIC%2010878.PDF,RET VITALCLINIC 10878.PDF,1,0,13357325981868842,0
69,file:///C:/Users/aadmon06/Downloads/RETENCION%206395.pdf,Automatically generated PDF from existing images.,1,0,13357329651494326,0
70,file:///C:/Users/aadmon06/Downloads/CamScanner%2011-04-2024%2012.50.pdf,CamScanner 11-04-2024 12.50,1,0,13357329661323076,0
71,file:///C:/Users/aadmon06/Downloads/828.pdf,828,1,0,13357336646105368,0
72,file:///C:/Users/aadmon06/Downloads/Reteneci%C3%B3n%20IVA%202024-03-00000088%20(1).pdf,Reteneción IVA 2024-03-00000088 (1).pdf,1,0,13357337745064762,0
73,file:///C:/Users/aadmon06/Downloads/828%20(1).pdf,828,1,0,13357345228527427,0
74,https://www.google.com/search?q=whatsapp+web&rlz=1C1GCEU_esVE1100&oq=&gs_lcrp=EgZjaHJvbWUqCQgAEEUYOxjCAzIJCAAQRRg7GMIDMgkIARBFGDsYwgMyEQgCEAAYAxhCGI8BGLQCGOoCMhEIAxAAGAMYQhiPARi0AhjqAjIPCAQQLhgDGI8BGLQCGOoCMhEIBRAAGAMYQhiPARi0AhjqAjIRCAYQABgDGEIYjwEYtAIY6gIyEQgHEAAYAxhCGI8BGLQCGOoC0gEJMTM4NGowajE1qAIIsAIB&sourceid=chrome&ie=UTF-8,whatsapp web - Buscar con Google,2,0,13357397780690728,0
75,https://www.google.com/search?q=indice+de+inversion&rlz=1C1GCEU_esVE1100&oq=&gs_lcrp=EgZjaHJvbWUqCQgBEEUYOxjCAzIJCAAQRRg7GMIDMgkIARBFGDsYwgMyEQgCEAAYAxhCGI8BGLQCGOoCMhEIAxAAGAMYQhiPARi0AhjqAjIRCAQQABgDGEIYjwEYtAIY6gIyDwgFEC4YAxiPARi0AhjqAjIRCAYQABgDGEIYjwEYtAIY6gIyEQgHEAAYAxhCGI8BGLQCGOoC0gEJMTI5NmowajE1qAIIsAIB&sourceid=chrome&ie=UTF-8,indice de inversion - Buscar con Google,2,0,13357398337427313,0
76,file:///C:/Users/aadmon06/Downloads/ret%20fac%20144017farmayessi.pdf,ret fac 144017farmayessi.pdf,1,0,13357402773203081,0
77,file:///C:/Users/aadmon06/Downloads/VITALCLINIC%20146171%20(2544).pdf,VITALCLINIC 146171 (2544).pdf,1,0,13357411840988280,0
78,file:///C:/Users/aadmon06/Downloads/VITALCLINIC%20146170%20(2543).pdf,VITALCLINIC 146170 (2543).pdf,2,0,13357411901333097,0
79,file:///C:/Users/aadmon06/Downloads/img20240412_10234871plaza%20ahorro.pdf,img20240412_10234871plaza ahorro.pdf,1,0,13357412869883640,0
80,"file:///C:/Users/aadmon06/Downloads/Ret%20VitalClinic,%20fact%2062773,62875,62876,62877.pdf","Ret VitalClinic, fact 62773,62875,62876,62877.pdf",1,0,13357422271999301,0
81,file:///C:/Users/aadmon06/Downloads/VITALCLINIC%20143091%20Farmacia%20Calabozo.pdf,Documento sin título,1,0,13357422307149983,0
82,"file:///C:/Users/aadmon06/Downloads/Ret%20VitalClinic,%20fact%2062773,62875,62876,62877%20(1).pdf","Ret VitalClinic, fact 62773,62875,62876,62877 (1).pdf",1,0,13357428242180048,0
83,file:///C:/Users/aadmon06/Downloads/RETENCION%20475%20VITALCLINICfarma%20mar.pdf,RETENCION 475 VITALCLINICfarma mar.pdf,1,0,13357428367720981,0
84,file:///C:/Users/aadmon06/Downloads/RET%20VITAL%20144035candelaria.pdf,PrintCompRet,1,0,13357429714240281,0
85,file:///C:/Users/aadmon06/Downloads/Certificado%20de%20Retenciones%20IVA.pdf,Certificado de Retenciones IVA.pdf,1,0,13357432314809370,0
86,https://www.google.com/search?q=whatsapp+web&rlz=1C1GCEU_esVE1100&oq=&gs_lcrp=EgZjaHJvbWUqCQgAEEUYOxjCAzIJCAAQRRg7GMIDMgkIARBFGDsYwgMyEQgCEAAYAxhCGI8BGLQCGOoCMhEIAxAAGAMYQhiPARi0AhjqAjIRCAQQABgDGEIYjwEYtAIY6gIyEQgFEAAYAxhCGI8BGLQCGOoCMhEIBhAAGAMYQhiPARi0AhjqAjIRCAcQABgDGEIYjwEYtAIY6gLSAQkxMjM3ajBqMTWoAgiwAgE&sourceid=chrome&ie=UTF-8,whatsapp web - Buscar con Google,1,0,13357484228151982,0
87,file:///C:/Users/aadmon06/Downloads/Certificado%20de%20Retenciones%20IVA%20(2).pdf,Certificado de Retenciones IVA (2).pdf,1,0,13357486944445524,0
88,file:///C:/Users/aadmon06/Downloads/img20240412_10234871plaza%20ahorro%20(1).pdf,img20240412_10234871plaza ahorro (1).pdf,1,0,13357497668351815,0
89,file:///C:/Users/aadmon06/Downloads/Vitalclinic%201455.pdf,Vitalclinic 1455.pdf,1,0,13357498889642206,0
90,https://www.google.com/search?q=indice+de+inversion&rlz=1C1GCEU_esVE1100&oq=&gs_lcrp=EgZjaHJvbWUqCQgBEEUYOxjCAzIJCAAQRRg7GMIDMgkIARBFGDsYwgMyEQgCEAAYAxhCGI8BGLQCGOoCMhEIAxAAGAMYQhiPARi0AhjqAjIRCAQQABgDGEIYjwEYtAIY6gIyEQgFEAAYAxhCGI8BGLQCGOoCMhEIBhAAGAMYQhiPARi0AhjqAjIRCAcQABgDGEIYjwEYtAIY6gLSAQg4NDZqMGoxNagCCLACAQ&sourceid=chrome&ie=UTF-8,indice de inversion - Buscar con Google,2,0,13357514283148851,0
91,https://www.google.com/search?q=whatsapp+web&rlz=1C1GCEU_esVE1100&oq=&gs_lcrp=EgZjaHJvbWUqCQgBEEUYOxjCAzIJCAAQRRg7GMIDMgkIARBFGDsYwgMyEQgCEAAYAxhCGI8BGLQCGOoCMhEIAxAAGAMYQhiPARi0AhjqAjIPCAQQLhgDGI8BGLQCGOoCMg8IBRAuGAMYjwEYtAIY6gIyEQgGEAAYAxhCGI8BGLQCGOoCMhEIBxAAGAMYQhiPARi0AhjqAtIBCjE5NTQxajBqMTWoAgiwAgE&sourceid=chrome&ie=UTF-8,whatsapp web - Buscar con Google,2,0,13357518609316988,0
92,https://www.google.com/search?q=whatsapp+web&rlz=1C1GCEU_esVE1100&oq=&gs_lcrp=EgZjaHJvbWUqCQgAEEUYOxjCAzIJCAAQRRg7GMIDMgkIARBFGDsYwgMyEQgCEAAYAxhCGI8BGLQCGOoCMg8IAxAuGAMYjwEYtAIY6gIyEQgEEAAYAxhCGI8BGLQCGOoCMhEIBRAAGAMYQhiPARi0AhjqAjIRCAYQABgDGEIYjwEYtAIY6gIyEQgHEAAYAxhCGI8BGLQCGOoC0gEIOTE4ajBqMTWoAgiwAgE&sourceid=chrome&ie=UTF-8,whatsapp web - Buscar con Google,1,0,13357656265398325,0
93,file:///C:/Users/aadmon06/Downloads/CamScanner%2013-04-2024%2018.44%20(1).pdf,CamScanner 13-04-2024 18.44,1,0,13357664438352003,0
94,file:///C:/Users/aadmon06/Downloads/144331%20ret%20farmayessi.pdf,144331 ret farmayessi.pdf,1,0,13357664474034252,0
95,file:///C:/Users/aadmon06/Downloads/CamScanner%2013-04-2024%2018.44%20(2).pdf,CamScanner 13-04-2024 18.44,1,0,13357678690864886,0
96,file:///C:/Users/aadmon06/Downloads/CamScanner%2015-04-2024%2011.52.pdf,CamScanner 15-04-2024 11.52,1,0,13357683562123649,0
97,file:///C:/Users/aadmon06/Downloads/VITALCLINIC%20FNT%200142486%20(1)%20nuevo%20terminal.pdf,Documento sin título,1,0,13357683600969860,0
98,file:///C:/Users/aadmon06/Downloads/VITALCLINIC%20FNT%20143083nuevo%20terminal.pdf,Documento sin título,1,0,13357683619129917,0
99,file:///C:/Users/aadmon06/Downloads/1867%20COMPROBANTE%20%20DE%20RETENCION%20DE%20IVA%20FACTURAS%200141561%200141562%20%20VITALCLINIC.pdf,1867 COMPROBANTE DE RETENCION DE IVA FACTURAS 0141561 0141562 VITALCLINIC.pdf,1,0,13357683643958632,0
100,file:///C:/Users/aadmon06/Downloads/1871%20COMPROBANTE%20%20DE%20RETENCION%20DE%20IVA%20FACTURAS%200143754%20%20VITALCLINIC.pdf,1871 COMPROBANTE DE RETENCION DE IVA FACTURAS 0143754 VITALCLINIC.pdf,1,0,13357683661734337,0
101,file:///C:/Users/aadmon06/Downloads/1877%20COMPROBANTE%20%20DE%20RETENCION%20DE%20IVA%20FACTURAS%200146611%20VITALCLINIC.pdf,1877 COMPROBANTE DE RETENCION DE IVA FACTURAS 0146611 VITALCLINIC.pdf,1,0,13357683680495754,0
102,file:///C:/Users/aadmon06/Downloads/CamScanner%2015-04-2024%2015.18.pdf,CamScanner 15-04-2024 15.18,1,0,13357683729418842,0
103,file:///C:/Users/aadmon06/Downloads/1877%20COMPROBANTE%20%20DE%20RETENCION%20DE%20IVA%20FACTURAS%200146611%20VITALCLINIC%20(1).pdf,1877 COMPROBANTE DE RETENCION DE IVA FACTURAS 0146611 VITALCLINIC (1).pdf,1,0,13357683757460488,0
104,https://www.google.com/search?q=whatsapp+web&rlz=1C1GCEU_esVE1100&oq=&gs_lcrp=EgZjaHJvbWUqCQgAEEUYOxjCAzIJCAAQRRg7GMIDMgkIARBFGDsYwgMyDwgCEC4YAxiPARi0AhjqAjIRCAMQABgDGEIYjwEYtAIY6gIyEQgEEAAYAxhCGI8BGLQCGOoCMhEIBRAAGAMYQhiPARi0AhjqAjIRCAYQABgDGEIYjwEYtAIY6gIyEQgHEAAYAxhCGI8BGLQCGOoC0gEJMTA3OWowajE1qAIIsAIB&sourceid=chrome&ie=UTF-8,whatsapp web - Buscar con Google,3,0,13357743650889741,0
105,https://faq.whatsapp.com/1317564962315842/?locale=es_LA&cms_platform=web,Cómo vincular un dispositivo | Servicio de ayuda de WhatsApp,4,0,13357916105934474,0
106,https://www.google.com/search?q=whatsapp+web&rlz=1C1GCEU_esVE1100&oq=&gs_lcrp=EgZjaHJvbWUqCQgAEEUYOxjCAzIJCAAQRRg7GMIDMgkIARBFGDsYwgMyEQgCEAAYAxhCGI8BGLQCGOoCMhEIAxAAGAMYQhiPARi0AhjqAjIRCAQQABgDGEIYjwEYtAIY6gIyEQgFEAAYAxhCGI8BGLQCGOoCMhEIBhAAGAMYQhiPARi0AhjqAjIPCAcQLhgDGI8BGLQCGOoC0gEIOTcyajBqMTWoAgiwAgE&sourceid=chrome&ie=UTF-8,whatsapp web - Buscar con Google,2,0,13357744303494515,0
107,"file:///C:/Users/aadmon06/Downloads/FARMACIA%20LA%20AVENIDA,%20C.A..pdf","FARMACIA LA AVENIDA, C.A.",1,0,13357747261361924,0
108,file:///C:/Users/aadmon06/Downloads/Aplicaci%C3%B3n%20de%20esc%C3%A1ner%20Lite%2015-04-2024%2012_05.pdf,Aplicación de escáner Lite 15-04-2024 12_05.pdf,1,0,13357747335790233,0
109,file:///C:/Users/aadmon06/Downloads/830.pdf,830,1,0,13357747463376238,0
110,https://www.google.com/search?q=indice+de+inversion&rlz=1C1GCEU_esVE1100&oq=&gs_lcrp=EgZjaHJvbWUqCQgBEEUYOxjCAzIJCAAQRRg7GMIDMgkIARBFGDsYwgMyEQgCEAAYAxhCGI8BGLQCGOoCMhEIAxAAGAMYQhiPARi0AhjqAjIRCAQQABgDGEIYjwEYtAIY6gIyEQgFEAAYAxhCGI8BGLQCGOoCMhEIBhAAGAMYQhiPARi0AhjqAjIRCAcQABgDGEIYjwEYtAIY6gLSAQkxNTc2ajBqMTWoAgiwAgE&sourceid=chrome&ie=UTF-8,indice de inversion - Buscar con Google,2,0,13357749342397126,0
111,file:///C:/Users/aadmon06/Downloads/PDF%20Scanner%20160424%201.23.47.pdf,PDF Scanner 160424 1.23.47.pdf,1,0,13357765882747539,0
112,file:///C:/Users/aadmon06/Downloads/0143082%20FH.pdf,Documento sin título,1,0,13357767468298793,0
113,file:///C:/Users/aadmon06/Downloads/0143099%20FH.pdf,Documento sin título,1,0,13357767482997790,0
114,file:///C:/Users/aadmon06/Downloads/0143118%20+AH.pdf,Documento sin título,1,0,13357767496320621,0
115,file:///C:/Users/aadmon06/Downloads/0143132%20FH.pdf,Documento sin título,1,0,13357767511767330,0
116,file:///C:/Users/aadmon06/Downloads/0144088%20FH.pdf,Documento sin título,1,0,13357767524633802,0
117,file:///C:/Users/aadmon06/Downloads/0144117%20FSUR.pdf,Documento sin título,1,0,13357767538744974,0
118,file:///C:/Users/aadmon06/Downloads/0143063%20FFA.pdf,Documento sin título,1,0,13357767554528541,0
119,file:///C:/Users/aadmon06/Downloads/0143081%20+AH.pdf,Documento sin título,1,0,13357767571472008,0
120,file:///C:/Users/aadmon06/Downloads/0143072%20+AH.pdf,Documento sin título,1,0,13357767596337120,0
121,file:///C:/Users/aadmon06/Downloads/Comprobante%20de%20I.V.A._%2020240400179901.pdf,Comprobante de I.V.A._ 20240400179901.pdf,1,0,13357774464767779,0
122,file:///C:/Users/aadmon06/Downloads/Comprobante%20de%20I.V.A._%2020240400179901%20(1).pdf,Comprobante de I.V.A._ 20240400179901 (1).pdf,1,0,13357774479328757,0
123,file:///C:/Users/aadmon06/Downloads/COMPROBANTE%20%20RETENCION%20DE%20IVA%202024.pdf,COMPROBANTE RETENCION DE IVA 2024.pdf,1,0,13357775697960446,0
124,https://www.google.com/search?q=indice+de+inversion&rlz=1C1GCEU_esVE1100&oq=&gs_lcrp=EgZjaHJvbWUqCQgBEEUYOxjCAzIJCAAQRRg7GMIDMgkIARBFGDsYwgMyEQgCEAAYAxhCGI8BGLQCGOoCMhEIAxAAGAMYQhiPARi0AhjqAjIPCAQQLhgDGI8BGLQCGOoCMhEIBRAAGAMYQhiPARi0AhjqAjIRCAYQABgDGEIYjwEYtAIY6gIyDwgHEC4YAxiPARi0AhjqAtIBCTEyMTZqMGoxNagCCLACAQ&sourceid=chrome&ie=UTF-8,indice de inversion - Buscar con Google,2,0,13357777567758345,0
125,https://www.google.com/search?q=whatsapp+web&rlz=1C1GCEU_esVE1100&oq=&gs_lcrp=EgZjaHJvbWUqCQgBEEUYOxjCAzIJCAAQRRg7GMIDMgkIARBFGDsYwgMyDwgCEC4YAxiPARi0AhjqAjIRCAMQABgDGEIYjwEYtAIY6gIyEQgEEAAYAxhCGI8BGLQCGOoCMhEIBRAAGAMYQhiPARi0AhjqAjIRCAYQABgDGEIYjwEYtAIY6gIyDwgHEC4YAxiPARi0AhjqAtIBCTE2NTRqMGoxNagCCLACAQ&sourceid=chrome&ie=UTF-8,whatsapp web - Buscar con Google,3,0,13357833602627820,0
126,file:///C:/Users/aadmon06/Downloads/retencion148vitalclinic.pdf,retencion148vitalclinic.pdf,1,0,13357833866976615,0
127,file:///C:/Users/aadmon06/Downloads/FSIM-VITALCLINIC-0138114.pdf,C:\CLARITY\VARIOS\Retencion_Iva.FRX,1,0,13357841013702993,0
128,file:///C:/Users/aadmon06/Downloads/FSIM-VITALCLINIC-134517.pdf,C:\CLARITY\VARIOS\retencion_iva.FRX,1,0,13357841028438434,0
129,"file:///C:/Users/aadmon06/Downloads/Ret%20VitalClinic,%20fact%2063480,63481,63496.pdf","Ret VitalClinic, fact 63480,63481,63496.pdf",1,0,13357843790681036,0
130,file:///C:/Users/aadmon06/Downloads/ret%201250%20Vitalclinic.pdf,C:\CLARITY\VARIOS\retencion_iva.FRX,1,0,13357851601027961,0
131,https://www.google.com/search?q=indice+de+inversion&rlz=1C1GCEU_esVE1100&oq=&gs_lcrp=EgZjaHJvbWUqCQgBEEUYOxjCAzIJCAAQRRg7GMIDMgkIARBFGDsYwgMyEQgCEAAYAxhCGI8BGLQCGOoCMhEIAxAAGAMYQhiPARi0AhjqAjIRCAQQABgDGEIYjwEYtAIY6gIyEQgFEAAYAxhCGI8BGLQCGOoCMhEIBhAAGAMYQhiPARi0AhjqAjIPCAcQLhgDGI8BGLQCGOoC0gEJMTA4N2owajE1qAIIsAIB&sourceid=chrome&ie=UTF-8,indice de inversion - Buscar con Google,2,0,13357854813044618,0
132,https://www.bcv.org.ve/estadisticas/indice-de-inversion?page=1,Indice de Inversión (Base=28/10/2019) | Page 2 | Banco Central de Venezuela,4,0,13362951388649932,0
133,file:///C:/Users/aadmon06/Downloads/CamScanner%2017-04-2024%2015.43.pdf,CamScanner 17-04-2024 15.43,1,0,13357856679652378,0
134,file:///C:/Users/aadmon06/Downloads/retenci%C3%B3n%20factura%20%230146820.pdf,retención factura #0146820,1,0,13357859426802457,0
135,file:///C:/Users/aadmon06/Downloads/RET%20VITAL%20144696%20candelaria.pdf,PrintCompRet,1,0,13357864423795847,0
136,https://www.google.com/search?q=whatsapp+web&rlz=1C1GCEU_esVE1100&oq=&gs_lcrp=EgZjaHJvbWUqCQgAEEUYOxjCAzIJCAAQRRg7GMIDMgkIARBFGDsYwgMyDwgCEC4YAxiPARi0AhjqAjIPCAMQLhgDGI8BGLQCGOoCMhEIBBAAGAMYQhiPARi0AhjqAjIRCAUQABgDGEIYjwEYtAIY6gIyEQgGEAAYAxhCGI8BGLQCGOoCMhEIBxAAGAMYQhiPARi0AhjqAtIBCTEzNDdqMGoxNagCCLACAQ&sourceid=chrome&ie=UTF-8,whatsapp web - Buscar con Google,3,0,13357916106368107,0
137,https://www.google.com/search?q=indice+de+inversion&rlz=1C1GCEU_esVE1100&oq=&gs_lcrp=EgZjaHJvbWUqCQgBEEUYOxjCAzIJCAAQRRg7GMIDMgkIARBFGDsYwgMyDwgCEC4YAxiPARi0AhjqAjIPCAMQLhgDGI8BGLQCGOoCMg8IBBAuGAMYjwEYtAIY6gIyEQgFEAAYAxhCGI8BGLQCGOoCMhEIBhAAGAMYQhiPARi0AhjqAjIRCAcQABgDGEIYjwEYtAIY6gLSAQg5MDVqMGoxNagCCLACAQ&sourceid=chrome&ie=UTF-8,indice de inversion - Buscar con Google,2,0,13357916131488219,0
138,file:///C:/Users/aadmon06/Downloads/Retencion%20de%20IVA%20Nro%2020240300003980.pdf,Retencion de IVA,1,0,13357919328164890,0
139,file:///C:/Users/aadmon06/Downloads/RET%20VITALCLINIC%20FACT%20146960.pdf,RETENCIONES FARMA TAJ 2024.xlsx,1,0,13357931991800720,0
140,file:///C:/Users/aadmon06/Downloads/CamScanner%2018-04-2024%2011.25.pdf,CamScanner 18-04-2024 11.25,1,0,13357932017536642,0
141,https://www.google.com/search?q=whatsapp+web&rlz=1C1GCEU_esVE1100&oq=&gs_lcrp=EgZjaHJvbWUqCQgAEEUYOxjCAzIJCAAQRRg7GMIDMgkIARBFGDsYwgMyDwgCEC4YAxiPARi0AhjqAjIRCAMQABgDGEIYjwEYtAIY6gIyEQgEEAAYAxhCGI8BGLQCGOoCMhEIBRAAGAMYQhiPARi0AhjqAjIRCAYQABgDGEIYjwEYtAIY6gIyEQgHEAAYAxhCGI8BGLQCGOoC0gEJMTM1N2owajE1qAIIsAIB&sourceid=chrome&ie=UTF-8,whatsapp web - Buscar con Google,2,0,13357933012026471,0
142,file:///C:/Users/aadmon06/Downloads/VITALCLINIC%20147358%20(2568).pdf,VITALCLINIC 147358 (2568).pdf,1,0,13357939845903829,0
143,file:///C:/Users/aadmon06/Downloads/20240400000303%20FT%200148556.pdf,RETENCION IVA DEL 252 al.xlsx,1,0,13357941863708235,0
144,file:///C:/Users/aadmon06/Downloads/20240400000297%20FT%200148220.pdf,RETENCION IVA DEL 252 al.xlsx,1,0,13357941876719435,0
145,file:///C:/Users/aadmon06/Downloads/RET%20VITAL%20145077candelaria.pdf,PrintCompRet,1,0,13357946043688645,0
146,https://www.google.com/search?q=indice+de+inversion&rlz=1C1GCEU_esVE1100&oq=&gs_lcrp=EgZjaHJvbWUqCQgBEEUYOxjCAzIJCAAQRRg7GMIDMgkIARBFGDsYwgMyDwgCEC4YAxiPARi0AhjqAjIRCAMQABgDGEIYjwEYtAIY6gIyDwgEEC4YAxiPARi0AhjqAjIPCAUQLhgDGI8BGLQCGOoCMg8IBhAuGAMYjwEYtAIY6gIyEQgHEAAYAxhCGI8BGLQCGOoC0gEJMTI5NWowajE1qAIIsAIB&sourceid=chrome&ie=UTF-8,indice de inversion - Buscar con Google,2,0,13357949709001406,0
147,https://www.google.com/search?q=whatsapp+web&rlz=1C1GCEU_esVE1100&oq=&gs_lcrp=EgZjaHJvbWUqCQgAEEUYOxjCAzIJCAAQRRg7GMIDMgkIARBFGDsYwgMyEQgCEAAYAxhCGI8BGLQCGOoCMg8IAxAuGAMYjwEYtAIY6gIyEQgEEAAYAxhCGI8BGLQCGOoCMhEIBRAAGAMYQhiPARi0AhjqAjIRCAYQABgDGEIYjwEYtAIY6gIyEQgHEAAYAxhCGI8BGLQCGOoC0gEKMjk0MzZqMGoxNagCCLACAQ&sourceid=chrome&ie=UTF-8,whatsapp web - Buscar con Google,2,0,13358002684676624,0
148,file:///C:/Users/aadmon06/Downloads/Ret%20Vitalclinic%20Fc%200146322.pdf,Ret Vitalclinic Fc 0146322,1,0,13358009458528590,0
149,file:///C:/Users/aadmon06/Downloads/Ret%20Vitalclinic%20Fc%200145493.pdf,Ret Vitalclinic Fc 0145493,1,0,13358009478189714,0
150,file:///C:/Users/aadmon06/Downloads/Ret%20Vitalclinic%20Fc%200145128.pdf,Ret Vitalclinic Fc 0145128,1,0,13358009494435829,0
151,file:///C:/Users/aadmon06/Downloads/1877%20COMPROBANTE%20%20DE%20RETENCION%20DE%20IVA%20FACTURAS%200146611%20VITALCLINIC%20(2).pdf,1877 COMPROBANTE DE RETENCION DE IVA FACTURAS 0146611 VITALCLINIC (2).pdf,1,0,13358017145612255,0
152,file:///C:/Users/aadmon06/Downloads/retencion149vitalclinic.pdf,retencion149vitalclinic.pdf,1,0,13358023774260083,0
153,"file:///C:/Users/aadmon06/Downloads/Ret%20VitalClinic,%20fact%2064274.pdf","Ret VitalClinic, fact 64274.pdf",1,0,13358026883816865,0
154,https://www.google.com/search?q=whatsapp+web&rlz=1C1GCEU_esVE1100&oq=&gs_lcrp=EgZjaHJvbWUqCQgAEEUYOxjCAzIJCAAQRRg7GMIDMgkIARBFGDsYwgMyEQgCEAAYAxhCGI8BGLQCGOoCMhEIAxAAGAMYQhiPARi0AhjqAjIRCAQQABgDGEIYjwEYtAIY6gIyEQgFEAAYAxhCGI8BGLQCGOoCMhEIBhAAGAMYQhiPARi0AhjqAjIRCAcQABgDGEIYjwEYtAIY6gLSAQkxOTAyajBqMTWoAgiwAgE&sourceid=chrome&ie=UTF-8,whatsapp web - Buscar con Google,2,0,13358089462328471,0
155,https://www.google.com/search?q=whatsapp+web&rlz=1C1GCEU_esVE1100&oq=&gs_lcrp=EgZjaHJvbWUqCQgAEEUYOxjCAzIJCAAQRRg7GMIDMgkIARBFGDsYwgMyEQgCEAAYAxhCGI8BGLQCGOoCMg8IAxAuGAMYjwEYtAIY6gIyEQgEEAAYAxhCGI8BGLQCGOoCMhEIBRAAGAMYQhiPARi0AhjqAjIPCAYQLhgDGI8BGLQCGOoCMg8IBxAuGAMYjwEYtAIY6gLSAQkyNTgxajBqMTWoAgiwAgE&sourceid=chrome&ie=UTF-8,whatsapp web - Buscar con Google,2,0,13358262118898214,0
156,https://www.google.com/search?q=whatsapp+web&rlz=1C1GCEU_esVE1100&oq=&gs_lcrp=EgZjaHJvbWUqCQgAEEUYOxjCAzIJCAAQRRg7GMIDMgkIARBFGDsYwgMyEQgCEAAYAxhCGI8BGLQCGOoCMhEIAxAAGAMYQhiPARi0AhjqAjIRCAQQABgDGEIYjwEYtAIY6gIyEQgFEAAYAxhCGI8BGLQCGOoCMhEIBhAAGAMYQhiPARi0AhjqAjIRCAcQABgDGEIYjwEYtAIY6gLSAQkzOTgxajBqMTWoAgiwAgE&sourceid=chrome&ie=UTF-8,whatsapp web - Buscar con Google,2,0,13358272953223399,0
157,file:///C:/Users/aadmon06/Downloads/RET%20VITALCLINIC%20FACT%20146542%20146769%20147778%20KARLEMAR.pdf,RET VITALCLINIC FACT 146542 146769 147778 KARLEMAR.pdf,1,0,13358279139308884,0
158,file:///C:/Users/aadmon06/Downloads/RET%20VITAL%20145474candelaria%20(1).pdf,PrintCompRet,1,0,13358290451175562,0
159,file:///C:/Users/aadmon06/Downloads/Ret%20Vitalclinic%20Fc.%200146855.pdf,Ret Vitalclinic Fc. 0146855,1,0,13358291032560988,0
160,file:///C:/Users/aadmon06/Downloads/Vitalclinic%201456.pdf,Vitalclinic 1456.pdf,1,0,13358291095774722,0
161,https://www.google.com/search?q=whatsapp+web&rlz=1C1GCEU_esVE1100&oq=&gs_lcrp=EgZjaHJvbWUqCQgAEEUYOxjCAzIJCAAQRRg7GMIDMgkIARBFGDsYwgMyEQgCEAAYAxhCGI8BGLQCGOoCMhEIAxAAGAMYQhiPARi0AhjqAjIRCAQQABgDGEIYjwEYtAIY6gIyEQgFEAAYAxhCGI8BGLQCGOoCMhEIBhAAGAMYQhiPARi0AhjqAjIRCAcQABgDGEIYjwEYtAIY6gLSAQkxMDIzajBqMTWoAgiwAgE&sourceid=chrome&ie=UTF-8,whatsapp web - Buscar con Google,2,0,13358347271325522,0
162,file:///C:/Users/aadmon06/Downloads/833.pdf,833,1,0,13358359525176873,0
163,file:///C:/Users/aadmon06/Downloads/CamScanner%2023-04-2024%2010.21.pdf,CamScanner 23-04-2024 10.21,1,0,13358359549983380,0
164,https://www.google.com/search?q=indice+de+inversion&rlz=1C1GCEU_esVE1100&oq=&gs_lcrp=EgZjaHJvbWUqCQgBEEUYOxjCAzIJCAAQRRg7GMIDMgkIARBFGDsYwgMyDwgCEC4YAxiPARi0AhjqAjIRCAMQABgDGEIYjwEYtAIY6gIyEQgEEAAYAxhCGI8BGLQCGOoCMhEIBRAAGAMYQhiPARi0AhjqAjIPCAYQLhgDGI8BGLQCGOoCMhEIBxAAGAMYQhiPARi0AhjqAtIBCDkwNGowajE1qAIIsAIB&sourceid=chrome&ie=UTF-8,indice de inversion - Buscar con Google,2,0,13358362331301631,0
165,file:///C:/Users/aadmon06/Downloads/vitalclinic%2082.pdf,vitalclinic 82.pdf,1,0,13358372550630088,0
166,file:///C:/Users/aadmon06/Downloads/VITALCLINIC%206441%20(1).pdf,Automatically generated PDF from existing images.,1,0,13358376171173124,0
167,https://www.google.com/search?q=whatsapp+web&rlz=1C1GCEU_esVE1100&oq=&gs_lcrp=EgZjaHJvbWUqCQgAEEUYOxjCAzIJCAAQRRg7GMIDMgkIARBFGDsYwgMyEQgCEAAYAxhCGI8BGLQCGOoCMhEIAxAAGAMYQhiPARi0AhjqAjIRCAQQABgDGEIYjwEYtAIY6gIyDwgFEC4YAxiPARi0AhjqAjIRCAYQABgDGEIYjwEYtAIY6gIyEQgHEAAYAxhCGI8BGLQCGOoC0gEJMTM1MWowajE1qAIIsAIB&sourceid=chrome&ie=UTF-8,whatsapp web - Buscar con Google,2,0,13358434118587550,0
168,https://www.google.com/search?q=indice+de+inversion&rlz=1C1GCEU_esVE1100&oq=&gs_lcrp=EgZjaHJvbWUqCQgBEEUYOxjCAzIJCAAQRRg7GMIDMgkIARBFGDsYwgMyEQgCEAAYAxhCGI8BGLQCGOoCMhEIAxAAGAMYQhiPARi0AhjqAjIRCAQQABgDGEIYjwEYtAIY6gIyEQgFEAAYAxhCGI8BGLQCGOoCMg8IBhAuGAMYjwEYtAIY6gIyDwgHEC4YAxiPARi0AhjqAtIBCTEyMDhqMGoxNagCCLACAQ&sourceid=chrome&ie=UTF-8,indice de inversion - Buscar con Google,2,0,13358434121705691,0
169,https://www.google.com/search?q=como+se+abrevia+descuento&rlz=1C1GCEU_esVE1100&oq=como+se+abrevia+desciento&gs_lcrp=EgZjaHJvbWUqCQgBEAAYDRiABDIGCAAQRRg5MgkIARAAGA0YgAQyCQgCEAAYDRiABDIJCAMQABgNGIAE0gEKMTAwODBqMGoxNagCCLACAQ&sourceid=chrome&ie=UTF-8,como se abrevia descuento - Buscar con Google,2,0,13358440728507909,0
170,https://www.google.com/search?q=como+se+abrevia+farmacia&sca_esv=45843383d781bdbb&sca_upv=1&rlz=1C1GCEU_esVE1100&ei=GRApZpSKE6KVwbkPs_iv2A8&ved=0ahUKEwjU-piPgduFAxWiSjABHTP8C_sQ4dUDCBA&uact=5&oq=como+se+abrevia+farmacia&gs_lp=Egxnd3Mtd2l6LXNlcnAiGGNvbW8gc2UgYWJyZXZpYSBmYXJtYWNpYTIFEAAYgAQyBhAAGBYYHjIGEAAYFhgeMggQABgWGAoYHkioHlDiBVjsE3ABeAGQAQCYAewBoAGaCKoBBTAuNy4xuAEDyAEA-AEBmAIJoAL9CMICChAAGLADGNYEGEfCAg0QABiABBiwAxhDGIoFwgIHEAAYgAQYCsICChAAGBYYChgeGA-YAwCIBgGQBgqSBwUxLjcuMaAHyTA&sclient=gws-wiz-serp,como se abrevia farmacia - Buscar con Google,2,0,13358440765041595,0
171,https://www.google.com/search?q=whatsapp+web&rlz=1C1GCEU_esVE1100&oq=&gs_lcrp=EgZjaHJvbWUqCQgAEEUYOxjCAzIJCAAQRRg7GMIDMgkIARBFGDsYwgMyCQgCEEUYOxjCAzIJCAMQRRg7GMIDMg8IBBAuGAMYjwEYtAIY6gIyEQgFEAAYAxhCGI8BGLQCGOoCMg8IBhAuGAMYjwEYtAIY6gIyEQgHEAAYAxhCGI8BGLQCGOoC0gEJMTA5OWowajE1qAIIsAIB&sourceid=chrome&ie=UTF-8,whatsapp web - Buscar con Google,2,0,13358441813264532,0
172,file:///C:/Users/aadmon06/Downloads/CamScanner%2024-04-2024%2014.50.pdf,CamScanner 24-04-2024 14.50,1,0,13358467136100255,0
173,"file:///C:/Users/aadmon06/Downloads/Ret%20VitalClinic,%20fact%2064778-64779.pdf","Ret VitalClinic, fact 64778-64779.pdf",1,0,13358467290519798,0
174,https://www.google.com/search?q=indice+de+inversion&rlz=1C1GCEU_esVE1100&oq=i&gs_lcrp=EgZjaHJvbWUqBggAEEUYOzIGCAAQRRg7MgYIARBFGDkyDQgCEAAYgwEYsQMYgAQyDQgDEAAYgwEYsQMYgAQyDQgEEAAYgwEYsQMYgAQyEAgFEC4YxwEYsQMY0QMYgAQyBggGEEUYPTIGCAcQRRg80gEIMjY3NmowajeoAgCwAgA&sourceid=chrome&ie=UTF-8,indice de inversion - Buscar con Google,2,0,13358526211075027,0
175,file:///C:/Users/aadmon06/Downloads/VITAL%20CLINIC%20FACTURA150751%20(1).pdf,VITAL CLINIC FACTURA150751 (1).pdf,1,0,13358535087772722,0
176,file:///C:/Users/aadmon06/Downloads/Comprobante%20de%20I.V.A._%2020240400180256.pdf,Comprobante de I.V.A._ 20240400180256.pdf,1,0,13358537937767334,0
177,file:///C:/Users/aadmon06/Downloads/Retenci%C3%B3n%20%23152%20Vitalclinic%20.pdf,Retención #152 Vitalclinic .pdf,1,0,13358537975616959,0
178,file:///C:/Users/aadmon06/Downloads/VITALCLINIC%20148545%20(2593).pdf,VITALCLINIC 148545 (2593).pdf,1,0,13358538098468738,0
179,file:///C:/Users/aadmon06/Downloads/17702%20DROG.%20VITALCLINIC.pdf,C:\SANAGUSTIN\reports\compropdf.frx,1,0,13358562123635713,0
180,https://www.google.com/search?q=whatsapp+web&rlz=1C1GCEU_esVE1100&oq=&gs_lcrp=EgZjaHJvbWUqCQgBEEUYOxjCAzIJCAAQRRg7GMIDMgkIARBFGDsYwgMyCQgCEEUYOxjCAzIJCAMQRRg7GMIDMhEIBBAAGAMYQhiPARi0AhjqAjIRCAUQABgDGEIYjwEYtAIY6gIyEQgGEAAYAxhCGI8BGLQCGOoCMhEIBxAAGAMYQhiPARi0AhjqAtIBCTEzMjVqMGoxNagCCLACAQ&sourceid=chrome&ie=UTF-8,whatsapp web - Buscar con Google,2,0,13358606753077597,0
181,file:///C:/Users/aadmon06/Downloads/CamScanner%2025-04-2024%2015.01%20(1).pdf,CamScanner 25-04-2024 15.01,1,0,13358606990269120,0
182,https://www.google.com/search?q=indice+de+inversion&rlz=1C1GCEU_esVE1100VE1107&oq=&gs_lcrp=EgZjaHJvbWUqCQgBEEUYOxjCAzIJCAAQRRg7GMIDMgkIARBFGDsYwgMyCQgCEEUYOxjCAzIJCAMQRRg7GMIDMhEIBBAAGAMYQhiPARi0AhjqAjIRCAUQABgDGEIYjwEYtAIY6gIyEQgGEAAYAxhCGI8BGLQCGOoCMhEIBxAAGAMYQhiPARi0AhjqAtIBCTEzNzVqMGoxNagCCLACAQ&sourceid=chrome&ie=UTF-8,indice de inversion - Buscar con Google,2,0,13358613154313603,0
183,file:///C:/Users/aadmon06/Downloads/retenci%C3%B3n%20factura%20%230148325.pdf,retención factura #0148325,1,0,13358626184225415,0
184,file:///C:/Users/aadmon06/Downloads/CamScanner%2026-04-2024%2009.25.pdf,CamScanner 26-04-2024 09.25,1,0,13358626227244571,0
185,https://www.google.com/search?q=whatsapp+web&rlz=1C1GCEU_esVE1100VE1107&oq=&gs_lcrp=EgZjaHJvbWUqCQgAEEUYOxjCAzIJCAAQRRg7GMIDMgkIARBFGDsYwgMyCQgCEEUYOxjCAzIJCAMQRRg7GMIDMhEIBBAAGAMYQhiPARi0AhjqAjIRCAUQABgDGEIYjwEYtAIY6gIyEQgGEAAYAxhCGI8BGLQCGOoCMhEIBxAAGAMYQhiPARi0AhjqAtIBCTE0MTNqMGoxNagCCLACAQ&sourceid=chrome&ie=UTF-8,whatsapp web - Buscar con Google,2,0,13358692813602439,0
186,file:///C:/Users/aadmon06/Downloads/17702%20DROG.%20VITALCLINIC%20(1).pdf,C:\SANAGUSTIN\reports\compropdf.frx,1,0,13358698753813761,0
187,file:///C:/Users/aadmon06/Downloads/RET%20VITALCLINIC%20FACT%20146542%20146769%20147778%20FARMACIA%20KARLEMAR%20(1).pdf,RET VITALCLINIC FACT 146542 146769 147778 FARMACIA KARLEMAR (1).pdf,1,0,13358717871936944,0
188,file:///C:/Users/aadmon06/Downloads/RETENCION%20481%20VITALCLINICmar.pdf,RETENCION 481 VITALCLINICmar.pdf,1,0,13358728207687554,0
189,https://www.google.com/search?q=whatsapp+web&rlz=1C1GCEU_esVE1100VE1107&oq=&gs_lcrp=EgZjaHJvbWUqCQgAEEUYOxjCAzIJCAAQRRg7GMIDMgkIARBFGDsYwgMyCQgCEEUYOxjCAzIJCAMQRRg7GMIDMhEIBBAAGAMYQhiPARi0AhjqAjIRCAUQABgDGEIYjwEYtAIY6gIyEQgGEAAYAxhCGI8BGLQCGOoCMhEIBxAAGAMYQhiPARi0AhjqAtIBCTEzMDFqMGoxNagCCLACAQ&sourceid=chrome&ie=UTF-8,whatsapp web - Buscar con Google,2,0,13358865630097546,0
190,https://www.google.com/search?q=indice+de+inversion&rlz=1C1GCEU_esVE1100VE1107&oq=&gs_lcrp=EgZjaHJvbWUqCQgBEEUYOxjCAzIJCAAQRRg7GMIDMgkIARBFGDsYwgMyCQgCEEUYOxjCAzIJCAMQRRg7GMIDMg8IBBAuGAMYjwEYtAIY6gIyEQgFEAAYAxhCGI8BGLQCGOoCMg8IBhAuGAMYjwEYtAIY6gIyEQgHEAAYAxhCGI8BGLQCGOoC0gEJMTAyNGowajE1qAIIsAIB&sourceid=chrome&ie=UTF-8,indice de inversion - Buscar con Google,2,0,13358869642432097,0
191,https://www.google.com/search?q=whatsapp+web&rlz=1C1GCEU_esVE1100VE1107&oq=&gs_lcrp=EgZjaHJvbWUqCQgAEEUYOxjCAzIJCAAQRRg7GMIDMgkIARBFGDsYwgMyCQgCEEUYOxjCAzIJCAMQRRg7GMIDMhEIBBAAGAMYQhiPARi0AhjqAjIRCAUQABgDGEIYjwEYtAIY6gIyEQgGEAAYAxhCGI8BGLQCGOoCMhEIBxAAGAMYQhiPARi0AhjqAtIBCDg4NWowajE1qAIIsAIB&sourceid=chrome&ie=UTF-8,whatsapp web - Buscar con Google,2,0,13358952154857946,0
192,https://www.google.com/search?q=indice+de+inversion&rlz=1C1GCEU_esVE1100VE1107&oq=&gs_lcrp=EgZjaHJvbWUqCQgBEEUYOxjCAzIJCAAQRRg7GMIDMgkIARBFGDsYwgMyCQgCEEUYOxjCAzIJCAMQRRg7GMIDMhEIBBAAGAMYQhiPARi0AhjqAjIRCAUQABgDGEIYjwEYtAIY6gIyDwgGEC4YAxiPARi0AhjqAjIRCAcQABgDGEIYjwEYtAIY6gLSAQkxMDM5ajBqMTWoAgiwAgE&sourceid=chrome&ie=UTF-8,indice de inversion - Buscar con Google,2,0,13358952163598413,0
193,https://www.google.com/search?q=whatsapp+web&rlz=1C1GCEU_esVE1100VE1107&oq=&gs_lcrp=EgZjaHJvbWUqCQgAEEUYOxjCAzIJCAAQRRg7GMIDMgkIARBFGDsYwgMyCQgCEEUYOxjCAzIJCAMQRRg7GMIDMg8IBBAuGAMYjwEYtAIY6gIyEQgFEAAYAxhCGI8BGLQCGOoCMhEIBhAAGAMYQhiPARi0AhjqAjIRCAcQABgDGEIYjwEYtAIY6gLSAQkzNjg3ajBqMTWoAgiwAgE&sourceid=chrome&ie=UTF-8,whatsapp web - Buscar con Google,2,0,13359038484214905,0
194,https://www.google.com/search?q=indice+de+inversion&rlz=1C1GCEU_esVE1100VE1107&oq=&gs_lcrp=EgZjaHJvbWUqCQgBEEUYOxjCAzIJCAAQRRg7GMIDMgkIARBFGDsYwgMyCQgCEEUYOxjCAzIJCAMQRRg7GMIDMhEIBBAAGAMYQhiPARi0AhjqAjIRCAUQABgDGEIYjwEYtAIY6gIyEQgGEAAYAxhCGI8BGLQCGOoCMhEIBxAAGAMYQhiPARi0AhjqAtIBCTExMTBqMGoxNagCCLACAQ&sourceid=chrome&ie=UTF-8,indice de inversion - Buscar con Google,2,0,13359038490327739,0
195,file:///C:/Users/aadmon06/Downloads/Comprobante%20de%20Retenci%C3%B3n%20de%20IVA%20de%20la%20factura%200142382%20(3).PDF,Comprobante de Retención de IVA de la factura 0142382 (3).PDF,2,0,13359042384593568,0
196,file:///C:/Users/aadmon06/Downloads/retencion%20Vitalclinic%200148633.pdf,retencion Vitalclinic 0148633.pdf,1,0,13359064609535259,0
197,file:///C:/Users/aadmon06/Downloads/retencion%20Vitalclinic%200148633%20(1).pdf,retencion Vitalclinic 0148633 (1).pdf,1,0,13359065827216899,0
198,https://www.google.com/search?q=whatsapp+web&rlz=1C1GCEU_esVE1100VE1107&oq=&gs_lcrp=EgZjaHJvbWUqCQgAEEUYOxjCAzIJCAAQRRg7GMIDMgkIARBFGDsYwgMyCQgCEEUYOxjCAzIJCAMQRRg7GMIDMhEIBBAAGAMYQhiPARi0AhjqAjIPCAUQLhgDGI8BGLQCGOoCMhEIBhAAGAMYQhiPARi0AhjqAjIRCAcQABgDGEIYjwEYtAIY6gLSAQkxMjQ0ajBqMTWoAgiwAgE&sourceid=chrome&ie=UTF-8,whatsapp web - Buscar con Google,2,0,13359126506560541,0
199,https://www.google.com/search?q=indice+de+inversion&rlz=1C1GCEU_esVE1100VE1107&oq=&gs_lcrp=EgZjaHJvbWUqCQgBEEUYOxjCAzIJCAAQRRg7GMIDMgkIARBFGDsYwgMyCQgCEEUYOxjCAzIJCAMQRRg7GMIDMhEIBBAAGAMYQhiPARi0AhjqAjIPCAUQLhgDGI8BGLQCGOoCMhEIBhAAGAMYQhiPARi0AhjqAjIRCAcQABgDGEIYjwEYtAIY6gLSAQkxMjg2ajBqMTWoAgiwAgE&sourceid=chrome&ie=UTF-8,indice de inversion - Buscar con Google,2,0,13359126534944156,0
200,file:///C:/Users/aadmon06/Downloads/PDF%20Scanner%20020524%2011.39.00%20(1).pdf,PDF Scanner 020524 11.39.00 (1).pdf,1,0,13359148154327536,0
201,https://www.google.com/search?q=whatsapp+web&rlz=1C1GCEU_esVE1100VE1107&oq=&gs_lcrp=EgZjaHJvbWUqCQgAEEUYOxjCAzIJCAAQRRg7GMIDMgkIARBFGDsYwgMyCQgCEEUYOxjCAzIJCAMQRRg7GMIDMhEIBBAAGAMYQhiPARi0AhjqAjIRCAUQABgDGEIYjwEYtAIY6gIyEQgGEAAYAxhCGI8BGLQCGOoCMhEIBxAAGAMYQhiPARi0AhjqAtIBCTEyNTVqMGoxNagCCLACAQ&sourceid=chrome&ie=UTF-8,whatsapp web - Buscar con Google,2,0,13359212661795995,0
202,https://www.google.com/search?q=indice+de+inversion&rlz=1C1GCEU_esVE1100VE1107&oq=&gs_lcrp=EgZjaHJvbWUqCQgBEEUYOxjCAzIJCAAQRRg7GMIDMgkIARBFGDsYwgMyCQgCEEUYOxjCAzIJCAMQRRg7GMIDMhEIBBAAGAMYQhiPARi0AhjqAjIRCAUQABgDGEIYjwEYtAIY6gIyEQgGEAAYAxhCGI8BGLQCGOoCMhEIBxAAGAMYQhiPARi0AhjqAtIBCTEzOTNqMGoxNagCCLACAQ&sourceid=chrome&ie=UTF-8,indice de inversion - Buscar con Google,2,0,13359212809444242,0
203,file:///C:/Users/aadmon06/Downloads/VITAL%20CLINIC%20FACTURA150751%20(2).pdf,VITAL CLINIC FACTURA150751 (2).pdf,1,0,13359219814793770,0
204,file:///C:/Users/aadmon06/Downloads/CamScanner%2003-05-2024%2010.44.pdf,CamScanner 03-05-2024 10.44,1,0,13359221386670804,0
205,file:///C:/Users/aadmon06/Downloads/Retencio%CC%81n%20Vitalclinic%20FACT%208744.pdf,Retención Vitalclinic FACT 8744,1,0,13359228709342480,0
206,file:///C:/Users/aadmon06/Downloads/CamScanner%2003-05-2024%2010.44%20(1).pdf,CamScanner 03-05-2024 10.44,1,0,13359239761417610,0
207,https://www.google.com/search?q=whatsapp+web&rlz=1C1GCEU_esVE1100VE1107&oq=&gs_lcrp=EgZjaHJvbWUqCQgAEEUYOxjCAzIJCAAQRRg7GMIDMgkIARBFGDsYwgMyCQgCEEUYOxjCAzIJCAMQRRg7GMIDMhEIBBAAGAMYQhiPARi0AhjqAjIRCAUQABgDGEIYjwEYtAIY6gIyEQgGEAAYAxhCGI8BGLQCGOoCMhEIBxAAGAMYQhiPARi0AhjqAtIBCTEwNDRqMGoxNagCCLACAQ&sourceid=chrome&ie=UTF-8,whatsapp web - Buscar con Google,2,0,13359297672515214,0
208,file:///C:/Users/aadmon06/Downloads/Retencion%20Vital.pdf,Automatically generated PDF from existing images.,1,0,13359297714353754,0
209,file:///C:/Users/aadmon06/Downloads/RET%20DROGUERIA%20VITALCLINIC%20FACT%20149308.pdf,RETENCIONES FARMA TAJ 2024.xlsx,1,0,13359297741109046,0
210,file:///C:/Users/aadmon06/Downloads/RET%20DROGUERIA%20VITALCLINIC%20FACT%20149308%20(1).pdf,RETENCIONES FARMA TAJ 2024.xlsx,1,0,13359306509059354,0
211,https://www.google.com/search?q=como+se+abrevia+autorizado&rlz=1C1GCEU_esVE1100VE1107&oq=como+se+abrevia+auto&gs_lcrp=EgZjaHJvbWUqBwgBEAAYgAQyBggAEEUYOTIHCAEQABiABDIHCAIQABiABDIHCAMQABiABDIHCAQQABiABDIHCAUQABiABDIHCAYQABiABDIHCAcQABiABDIHCAgQABiABDIHCAkQABiABNIBCjEwNTQxajBqMTWoAgiwAgE&sourceid=chrome&ie=UTF-8,como se abrevia autorizado - Buscar con Google,2,0,13359316805515477,0
212,https://www.google.com/search?q=como+se+abrevia+autorizado&rlz=1C1GCEU_esVE1100VE1107&oq=como+se+abrevia+auto&gs_lcrp=EgZjaHJvbWUqBwgBEAAYgAQyBggAEEUYOTIHCAEQABiABDIHCAIQABiABDIHCAMQABiABDIHCAQQABiABDIHCAUQABiABDIHCAYQABiABDIHCAcQABiABDIHCAgQABiABDIHCAkQABiABNIBCjEwNTQxajBqMTWoAgiwAgE&sourceid=chrome&ie=UTF-8&zx=1714843206622&no_sw_cr=1,como se abrevia autorizado - Buscar con Google,2,0,13359316843462804,0
213,https://www.google.com/search?sca_esv=e76fb41f5a336086&sca_upv=1&rlz=1C1GCEU_esVE1100VE1107&q=como+se+abreviatura+autorizado&sa=X&ved=2ahUKEwiG0MzgwPSFAxXqRDABHTx7B4EQ7xYoAHoECAoQAg&biw=1024&bih=694&dpr=1.25,como se abreviatura autorizado - Buscar con Google,2,0,13359316832266720,0
214,https://www.cloudflare.com/es-es/learning/access-management/authn-vs-authz/,Autenticación vs. autorización: ¿En qué se diferencian? | Cloudflare,2,0,13359316850217314,0
215,file:///C:/Users/aadmon06/Downloads/CamScanner%2004-05-2024%2013.04%20(1).pdf,CamScanner 04-05-2024 13.04,1,0,13359321072694196,0
216,file:///C:/Users/aadmon06/Downloads/ABONO%202%20FACT%20NRO%206843%20VITALCLINIC%20(1).pdf,"BanescOnline miercoles, 01 de mayo de 2024 12:54:21 962 pm",1,0,13359327471000784,0
217,file:///C:/Users/aadmon06/Downloads/CamScanner%2003-05-2024%2014.31.pdf,CamScanner 03-05-2024 14.31,1,0,13359329976262357,0
218,file:///C:/Users/aadmon06/Downloads/ABONO%20FACT%20NRO%206843%20VITALCLINIC%20(1)%20(2).pdf,Comprobante,1,0,13359332580744610,0
219,file:///C:/Users/aadmon06/Downloads/ABONO%20FACT%20NRO%207112%20VITALCLINIC.pdf,about:blank,1,0,13359332611804733,0
220,https://www.google.com/search?q=whatsapp+web&rlz=1C1GCEU_esVE1100VE1107&oq=&gs_lcrp=EgZjaHJvbWUqCQgAEEUYOxjCAzIJCAAQRRg7GMIDMgkIARBFGDsYwgMyCQgCEEUYOxjCAzIJCAMQRRg7GMIDMgkIBBBFGDsYwgMyCQgFEEUYOxjCAzIRCAYQABgDGEIYjwEYtAIY6gIyDwgHEC4YAxiPARi0AhjqAtIBCTEzOThqMGoxNagCCLACAQ&sourceid=chrome&ie=UTF-8,whatsapp web - Buscar con Google,2,0,13359470677759050,0
221,https://www.google.com/search?q=indice+de+inversion&rlz=1C1GCEU_esVE1100VE1107&oq=&gs_lcrp=EgZjaHJvbWUqCQgBEEUYOxjCAzIJCAAQRRg7GMIDMgkIARBFGDsYwgMyCQgCEEUYOxjCAzIJCAMQRRg7GMIDMgkIBBBFGDsYwgMyCQgFEEUYOxjCAzIRCAYQABgDGEIYjwEYtAIY6gIyEQgHEAAYAxhCGI8BGLQCGOoC0gEJMTEzMGowajE1qAIIsAIB&sourceid=chrome&ie=UTF-8,indice de inversion - Buscar con Google,3,0,13359470802585378,0
222,file:///C:/Users/aadmon06/Downloads/Reteneci%C3%B3n%20IVA%202024-04-00000091%20(2).pdf,Reteneción IVA 2024-04-00000091 (2).pdf,1,0,13359484296436192,0
223,file:///C:/Users/aadmon06/Downloads/Reteneci%C3%B3n%20IVA%202024-05-00000095.pdf,Reteneción IVA 2024-05-00000095.pdf,1,0,13359484309685456,0
224,file:///C:/Users/aadmon06/Downloads/CamScanner%2006-05-2024%2011.00.pdf,CamScanner 06-05-2024 11.00,1,0,13359496262570073,0
225,file:///C:/Users/aadmon06/Downloads/Retencion%20de%20IVA%20Nro%2020240400004080.pdf,Retencion de IVA,1,0,13359496293806833,0
226,file:///C:/Users/aadmon06/Downloads/RETENCION%20491%20VITALCLINICfarmacia%20mar.pdf,RETENCION 491 VITALCLINICfarmacia mar.pdf,1,0,13359498024849306,0
227,file:///C:/Users/aadmon06/Downloads/CamScanner%2006-05-2024%2011.00%20(1).pdf,CamScanner 06-05-2024 11.00,1,0,13359501933712930,0
228,https://www.google.com/search?q=whatsapp+web&rlz=1C1GCEU_esVE1100VE1107&oq=&gs_lcrp=EgZjaHJvbWUqCQgAEEUYOxjCAzIJCAAQRRg7GMIDMgkIARBFGDsYwgMyCQgCEEUYOxjCAzIJCAMQRRg7GMIDMgkIBBBFGDsYwgMyCQgFEEUYOxjCAzIPCAYQLhgDGI8BGLQCGOoCMhEIBxAAGAMYQhiPARi0AhjqAtIBCTExOTdqMGoxNagCCLACAQ&sourceid=chrome&ie=UTF-8,whatsapp web - Buscar con Google,2,0,13359557520711154,0
229,file:///C:/Users/aadmon06/Downloads/retenci%C3%B3n%20factura%200149736.pdf,retención factura 0149736,1,0,13359572544378483,0
230,file:///C:/Users/aadmon06/Downloads/CamScanner%2007-05-2024%2010.02%20(1).pdf,CamScanner 07-05-2024 10.02,1,0,13359586605922610,0
231,https://www.google.com/search?q=whatsapp+web&rlz=1C1GCEU_esVE1100VE1107&oq=&gs_lcrp=EgZjaHJvbWUqCQgAEEUYOxjCAzIJCAAQRRg7GMIDMgkIARBFGDsYwgMyCQgCEEUYOxjCAzIJCAMQRRg7GMIDMgkIBBBFGDsYwgMyCQgFEEUYOxjCAzIRCAYQABgDGEIYjwEYtAIY6gIyEQgHEAAYAxhCGI8BGLQCGOoC0gEJOTYwN2owajE1qAIIsAIB&sourceid=chrome&ie=UTF-8,whatsapp web - Buscar con Google,2,0,13359644068174922,0
232,"file:///C:/Users/aadmon06/Downloads/RETENCION%20881%20VITALCLINIC,%20C.A.%20143456%20(1).pdf",RETENCIONES AÑO 2024.xlsx,1,0,13359644867121644,0
233,file:///C:/Users/aadmon06/Downloads/retenci%C3%B3n%20515.pdf,retención 515.pdf,1,0,13359648549159386,0
234,https://www.google.com/search?q=indice+de+inversion&rlz=1C1GCEU_esVE1100VE1107&oq=&gs_lcrp=EgZjaHJvbWUqCQgBEEUYOxjCAzIJCAAQRRg7GMIDMgkIARBFGDsYwgMyCQgCEEUYOxjCAzIJCAMQRRg7GMIDMgkIBBBFGDsYwgMyCQgFEEUYOxjCAzIRCAYQABgDGEIYjwEYtAIY6gIyEQgHEAAYAxhCGI8BGLQCGOoC0gEJODYwOWowajE1qAIIsAIB&sourceid=chrome&ie=UTF-8,indice de inversion - Buscar con Google,2,0,13359652202183827,0
235,file:///C:/Users/aadmon06/Downloads/CamScanner%2007-05-2024%2017.28%20(1).pdf,CamScanner 07-05-2024 17.28,1,0,13359657898521112,0
236,file:///C:/Users/aadmon06/Downloads/retenci%C3%B3n%20515%20(1).pdf,retención 515 (1).pdf,1,0,13359662236695222,0
237,https://www.google.com/search?q=whatsapp+web&rlz=1C1GCEU_esVE1100VE1107&oq=&gs_lcrp=EgZjaHJvbWUqCQgAEEUYOxjCAzIJCAAQRRg7GMIDMgkIARBFGDsYwgMyCQgCEEUYOxjCAzIJCAMQRRg7GMIDMgkIBBBFGDsYwgMyCQgFEEUYOxjCAzIPCAYQLhgDGI8BGLQCGOoCMhEIBxAAGAMYQhiPARi0AhjqAtIBCDk1OWowajE1qAIIsAIB&sourceid=chrome&ie=UTF-8,whatsapp web - Buscar con Google,2,0,13359729732040332,0
238,https://www.google.com/search?q=indice+de+inversion&rlz=1C1GCEU_esVE1100VE1107&oq=&gs_lcrp=EgZjaHJvbWUqCQgBEEUYOxjCAzIJCAAQRRg7GMIDMgkIARBFGDsYwgMyCQgCEEUYOxjCAzIJCAMQRRg7GMIDMgkIBBBFGDsYwgMyCQgFEEUYOxjCAzIRCAYQABgDGEIYjwEYtAIY6gIyDwgHEC4YAxiPARi0AhjqAtIBCDk0MWowajE1qAIIsAIB&sourceid=chrome&ie=UTF-8,indice de inversion - Buscar con Google,2,0,13359729923238726,0
239,https://www.google.com/intl/es-419/gmail/about/,"Gmail: Correo electrónico gratuito, privado y seguro | Google Workspace",1,0,13359816975362757,0
240,https://www.google.com/search?q=indice+de+inversion&rlz=1C1GCEU_esVE1100VE1107&oq=&gs_lcrp=EgZjaHJvbWUqCQgBEEUYOxjCAzIJCAAQRRg7GMIDMgkIARBFGDsYwgMyCQgCEEUYOxjCAzIJCAMQRRg7GMIDMgkIBBBFGDsYwgMyCQgFEEUYOxjCAzIRCAYQABgDGEIYjwEYtAIY6gIyEQgHEAAYAxhCGI8BGLQCGOoC0gEJMTczOWowajE1qAIIsAIB&sourceid=chrome&ie=UTF-8,indice de inversion - Buscar con Google,2,0,13359817006990679,0
241,https://www.google.com/search?q=como+se+abreviatura+autorizado&rlz=1C1GCEU_esVE1100VE1107&oq=&gs_lcrp=EgZjaHJvbWUqCQgCEEUYOxjCAzIJCAAQRRg7GMIDMgkIARBFGDsYwgMyCQgCEEUYOxjCAzIJCAMQRRg7GMIDMgkIBBBFGDsYwgMyCQgFEEUYOxjCAzIRCAYQABgDGEIYjwEYtAIY6gIyEQgHEAAYAxhCGI8BGLQCGOoC0gEJMTE1MWowajE1qAIIsAIB&sourceid=chrome&ie=UTF-8,como se abreviatura autorizado - Buscar con Google,2,0,13359817048364353,0
242,https://www.google.com/search?q=whatsapp+web&rlz=1C1GCEU_esVE1100VE1107&oq=&gs_lcrp=EgZjaHJvbWUqCQgCEEUYOxjCAzIJCAAQRRg7GMIDMgkIARBFGDsYwgMyCQgCEEUYOxjCAzIJCAMQRRg7GMIDMgkIBBBFGDsYwgMyCQgFEEUYOxjCAzIRCAYQABgDGEIYjwEYtAIY6gIyDwgHEC4YAxiPARi0AhjqAtIBCTE0NThqMGoxNagCCLACAQ&sourceid=chrome&ie=UTF-8,whatsapp web - Buscar con Google,2,0,13359817054229149,0
243,https://www.google.com/search?q=indice+de+inversion&rlz=1C1GCEU_esVE1100VE1107&oq=&gs_lcrp=EgZjaHJvbWUqCQgBEEUYOxjCAzIJCAAQRRg7GMIDMgkIARBFGDsYwgMyCQgCEEUYOxjCAzIJCAMQRRg7GMIDMgkIBBBFGDsYwgMyCQgFEEUYOxjCAzIRCAYQABgDGEIYjwEYtAIY6gIyEQgHEAAYAxhCGI8BGLQCGOoC0gEJMTExOGowajE1qAIIsAIB&sourceid=chrome&ie=UTF-8,indice de inversion - Buscar con Google,2,0,13359817171215919,0
244,file:///C:/Users/aadmon06/Downloads/retencion%20vital%206493.pdf,Automatically generated PDF from existing images.,1,0,13359819680288434,0
245,https://www.google.com/search?q=whatsapp+web&rlz=1C1GCEU_esVE1100VE1107&oq=&gs_lcrp=EgZjaHJvbWUqCQgAEEUYOxjCAzIJCAAQRRg7GMIDMgkIARBFGDsYwgMyCQgCEEUYOxjCAzIJCAMQRRg7GMIDMgkIBBBFGDsYwgMyCQgFEEUYOxjCAzIRCAYQABgDGEIYjwEYtAIY6gIyEQgHEAAYAxhCGI8BGLQCGOoC0gEJMTM4OGowajE1qAIIsAIB&sourceid=chrome&ie=UTF-8,whatsapp web - Buscar con Google,3,0,13359904031951058,0
246,file:///C:/Users/aadmon06/Downloads/RETENCION%20VITALCLINIC%206519.pdf,Automatically generated PDF from existing images.,1,0,13359903128539032,0
247,file:///C:/Users/aadmon06/Downloads/vitalclinic%201457.pdf,vitalclinic 1457.pdf,1,0,13359903356823057,0
248,file:///C:/Users/aadmon06/Downloads/CamScanner%2011-05-2024%2013.39.pdf,CamScanner 11-05-2024 13.39,1,0,13359924363078575,0
249,https://www.google.com/search?q=whatsapp+web&rlz=1C1GCEU_esVE1100VE1107&oq=&gs_lcrp=EgZjaHJvbWUqCQgAEEUYOxjCAzIJCAAQRRg7GMIDMgkIARBFGDsYwgMyCQgCEEUYOxjCAzIJCAMQRRg7GMIDMgkIBBBFGDsYwgMyCQgFEEUYOxjCAzIPCAYQLhgDGI8BGLQCGOoCMhEIBxAAGAMYQhiPARi0AhjqAtIBCTE4NjhqMGoxNagCCLACAQ&sourceid=chrome&ie=UTF-8,whatsapp web - Buscar con Google,2,0,13359928469300676,0
250,https://www.google.com/search?q=indice+de+inversion&rlz=1C1GCEU_esVE1100VE1107&oq=&gs_lcrp=EgZjaHJvbWUqCQgBEEUYOxjCAzIJCAAQRRg7GMIDMgkIARBFGDsYwgMyCQgCEEUYOxjCAzIJCAMQRRg7GMIDMgkIBBBFGDsYwgMyCQgFEEUYOxjCAzIRCAYQABgDGEIYjwEYtAIY6gIyEQgHEAAYAxhCGI8BGLQCGOoC0gEJMTA3NWowajE1qAIIsAIB&sourceid=chrome&ie=UTF-8,indice de inversion - Buscar con Google,2,0,13359928475125428,0
251,https://www.google.com/search?q=whatsapp+web&rlz=1C1GCEU_esVE1100VE1107&oq=&gs_lcrp=EgZjaHJvbWUqCQgAEEUYOxjCAzIJCAAQRRg7GMIDMgkIARBFGDsYwgMyCQgCEEUYOxjCAzIJCAMQRRg7GMIDMgkIBBBFGDsYwgMyCQgFEEUYOxjCAzIRCAYQABgDGEIYjwEYtAIY6gIyEQgHEAAYAxhCGI8BGLQCGOoC0gEJMTEwNGowajE1qAIIsAIB&sourceid=chrome&ie=UTF-8,whatsapp web - Buscar con Google,2,0,13360076244524330,0
252,file:///C:/Users/aadmon06/Downloads/CamScanner%2013-05-2024%2017.25.pdf,CamScanner 13-05-2024 17.25,1,0,13360110065117871,0
253,https://auth.services.adobe.com/es_ES/deeplink.html?delegated_request_id=1720445215628-9d41a136-23b8-4988-af3c-53196256c883&delegated_auth_party=delegate&state=sqsid-8f2eef59-26c0-4465-ba19-fbcccecc6395&client_id=ngl_acrobat_reader1#/social/auth/google,Adobe ID,1,0,13364918817174270,0
254,https://auth.services.adobe.com/es_ES/deeplink.html#/social/auth/google?delegated_request_id=1720445215628-9d41a136-23b8-4988-af3c-53196256c883&delegated_auth_party=delegate&state=sqsid-8f2eef59-26c0-4465-ba19-fbcccecc6395&client_id=ngl_acrobat_reader1,Acceso: Cuentas de Google,1,0,13364918819115507,0
255,https://federatedid-na1.services.adobe.com/federated/authorize/google?relay=082490fe-123b-48b5-8204-aa1702216d81&redirectUri=https%3A%2F%2Fauth.services.adobe.com%2Fes_ES%2Fdeeplink.html%23%2Fsocial%2Fgoogle&response_mode=fragment&client_id=ngl_acrobat_reader1&state=%7B%22queryStateId%22%3A%22sqsid-8f2eef59-26c0-4465-ba19-fbcccecc6395%22%2C%22clientId%22%3A%22ngl_acrobat_reader1%22%7D,Acceso: Cuentas de Google,1,0,13364918820512074,0
256,https://accounts.google.com/o/oauth2/v2/auth?client_id=1014431251553-kq98rctnjtv76ag4ulrfkem43b74poni.apps.googleusercontent.com&redirect_uri=https://federatedid-na1.services.adobe.com/federated/fromOIDC&state=Aco1JgXTISjijARHszuxD9fm6mGhETy49zY_6V4t60OuqrGrEqJGbiBbCr6grR_2yXLmH0aMTPuM&scope=email%20openid%20profile&response_type=code,Acceso: Cuentas de Google,1,0,13364918820512074,0
257,https://accounts.google.com/v3/signin/identifier?opparams=%253F&dsh=S1627618595%3A1720445221652670&client_id=1014431251553-kq98rctnjtv76ag4ulrfkem43b74poni.apps.googleusercontent.com&ddm=0&o2v=2&redirect_uri=https%3A%2F%2Ffederatedid-na1.services.adobe.com%2Ffederated%2FfromOIDC&response_type=code&scope=email+openid+profile&service=lso&state=Aco1JgXTISjijARHszuxD9fm6mGhETy49zY_6V4t60OuqrGrEqJGbiBbCr6grR_2yXLmH0aMTPuM&flowName=GeneralOAuthFlow&continue=https%3A%2F%2Faccounts.google.com%2Fsignin%2Foauth%2Fconsent%3Fauthuser%3Dunknown%26part%3DAJi8hAPfUSmJEX60zP8bfC6xl2XIAw0ENs2STSXGIwCbJfeXSPXvSyfoj4iDZEeOAoPBtLD1aw9Ve8O-_7CUD1R8hVZtmQJGU3P_RsW5wU5pJaqaSaK2t6DiXajv7zCm78KBMmW5rasP9o9zO3r8kzoyppqoSQXrzDWoYXpEFF3nvRKRUFwLuJOvVMIXwJYTIg4ni_Irh6ZOLXz7waHXcM5MiY9FujD_VO-k5QjqDIQj8UpnpAZuCTjOopLgFOnMCuTllzH2Tdj3Gh-J4-MGq20HzpzJlripqTtkvz-uNM9Kf6urVtVOOsxMFq_UgIpeU94LacWYwG_N6LuhbbMYsc1X0Gn8aGq2hyE7OEWgCSDjX1JI0JfHHjdznQ3KWM_RnIYAMrNVScFRbZ0D-g0QRciF03j6UdErS3JiDsjYtZZ_4oI7ztfeETTQGBx_Piw15AxjOIfnGDlzMK67MxdPKKEcMldB-0UTx3hEApZNwcxbs9dawftBlq3FrbixVmFSKpUF0O7Ejs_8%26flowName%3DGeneralOAuthFlow%26as%3DS1627618595%253A1720445221652670%26client_id%3D1014431251553-kq98rctnjtv76ag4ulrfkem43b74poni.apps.googleusercontent.com%23&app_domain=https%3A%2F%2Ffederatedid-na1.services.adobe.com&rart=ANgoxcenP6NEDK0_9gzBDUaAkx9ieR9qXsh6Pd5eCESqPLRT9Rs2xwDJBCG5Sn69WotBPNNZQ21_eISdBFiQNd51p0G8X9GB1kgDguHYKXYTBa7QG33PB60,Acceso: Cuentas de Google,1,0,13364918820512074,0
258,https://www.google.com/search?q=whatsapp+web&rlz=1C1GCEU_esVE1100VE1107&oq=&gs_lcrp=EgZjaHJvbWUqCQgAEEUYOxjCAzIJCAAQRRg7GMIDMgkIARBFGDsYwgMyCQgCEEUYOxjCAzIJCAMQRRg7GMIDMgkIBBBFGDsYwgMyCQgFEEUYOxjCAzIRCAYQABgDGEIYjwEYtAIY6gIyEQgHEAAYAxhCGI8BGLQCGOoC0gEJMTIyMGowajE1qAIIsAIB&sourceid=chrome&ie=UTF-8,whatsapp web - Buscar con Google,2,0,13360162786200804,0
259,file:///C:/Users/aadmon06/Downloads/Scan%204.pdf,Scan 4.pdf,1,0,13360193133622983,0
260,https://www.google.com/search?q=whatsapp+web&rlz=1C1GCEU_esVE1100VE1107&oq=&gs_lcrp=EgZjaHJvbWUqCQgAEEUYOxjCAzIJCAAQRRg7GMIDMgkIARBFGDsYwgMyCQgCEEUYOxjCAzIJCAMQRRg7GMIDMgkIBBBFGDsYwgMyCQgFEEUYOxjCAzIRCAYQABgDGEIYjwEYtAIY6gIyEQgHEAAYAxhCGI8BGLQCGOoC0gEIOTg4ajBqMTWoAgiwAgE&sourceid=chrome&ie=UTF-8,whatsapp web - Buscar con Google,3,0,13360258847030211,0
261,https://www.google.com/search?q=indice+de+inversion&rlz=1C1GCEU_esVE1100VE1107&oq=&gs_lcrp=EgZjaHJvbWUqCQgBEEUYOxjCAzIJCAAQRRg7GMIDMgkIARBFGDsYwgMyCQgCEEUYOxjCAzIJCAMQRRg7GMIDMgkIBBBFGDsYwgMyCQgFEEUYOxjCAzIRCAYQABgDGEIYjwEYtAIY6gIyEQgHEAAYAxhCGI8BGLQCGOoC0gEJMTc4M2owajE1qAIIsAIB&sourceid=chrome&ie=UTF-8,indice de inversion - Buscar con Google,2,0,13360264640156523,0
262,file:///C:/Users/aadmon06/Downloads/VITALCLINIC%20RET%20FACT%200148492.pdf,VITALCLINIC RET FACT 0148492.pdf,1,0,13360273901521218,0
263,https://www.google.com/search?q=whatsapp+web&rlz=1C1GCEU_esVE1100VE1107&oq=&gs_lcrp=EgZjaHJvbWUqCQgAEEUYOxjCAzIJCAAQRRg7GMIDMgkIARBFGDsYwgMyCQgCEEUYOxjCAzIJCAMQRRg7GMIDMgkIBBBFGDsYwgMyCQgFEEUYOxjCAzIRCAYQABgDGEIYjwEYtAIY6gIyEQgHEAAYAxhCGI8BGLQCGOoC0gEIODc1ajBqMTWoAgiwAgE&sourceid=chrome&ie=UTF-8,whatsapp web - Buscar con Google,1,0,13360335858372013,0
264,https://www.google.com/search?q=indice+de+inversion&rlz=1C1GCEU_esVE1100VE1107&oq=&gs_lcrp=EgZjaHJvbWUqCQgBEEUYOxjCAzIJCAAQRRg7GMIDMgkIARBFGDsYwgMyCQgCEEUYOxjCAzIJCAMQRRg7GMIDMgkIBBBFGDsYwgMyCQgFEEUYOxjCAzIRCAYQABgDGEIYjwEYtAIY6gIyEQgHEAAYAxhCGI8BGLQCGOoC0gEJMTEwMmowajE1qAIIsAIB&sourceid=chrome&ie=UTF-8,indice de inversion - Buscar con Google,2,0,13360335870711650,0
265,https://www.google.com/search?q=indice+de+inversion&rlz=1C1GCEU_esVE1100VE1107&oq=&gs_lcrp=EgZjaHJvbWUqCQgBEEUYOxjCAzIJCAAQRRg7GMIDMgkIARBFGDsYwgMyCQgCEEUYOxjCAzIJCAMQRRg7GMIDMgkIBBBFGDsYwgMyCQgFEEUYOxjCAzIRCAYQABgDGEIYjwEYtAIY6gIyEQgHEAAYAxhCGI8BGLQCGOoC0gEJMTIwN2owajE1qAIIsAIB&sourceid=chrome&ie=UTF-8,indice de inversion - Buscar con Google,2,0,13360336098292233,0
266,https://www.google.com/search?q=indice+de+inversion&rlz=1C1GCEU_esVE1100VE1107&oq=&gs_lcrp=EgZjaHJvbWUqCQgBEEUYOxjCAzIJCAAQRRg7GMIDMgkIARBFGDsYwgMyCQgCEEUYOxjCAzIJCAMQRRg7GMIDMgkIBBBFGDsYwgMyCQgFEEUYOxjCAzIRCAYQABgDGEIYjwEYtAIY6gIyEQgHEAAYAxhCGI8BGLQCGOoC0gEJMTYyMmowajE1qAIIsAIB&sourceid=chrome&ie=UTF-8,indice de inversion - Buscar con Google,2,0,13360336401903287,0
267,file:///C:/Users/aadmon06/Downloads/0149081.pdf,0149081.pdf,1,0,13360345928889162,0
268,file:///C:/Users/aadmon06/Downloads/149383retencion%20farmayessi.pdf,149383retencion farmayessi.pdf,1,0,13360346072534725,0
269,file:///C:/Users/aadmon06/Downloads/20240400000337%20FT%200150939.pdf,RETENCION IVA DEL 252 al.xlsx,1,0,13360346128400890,0
270,file:///C:/Users/aadmon06/Downloads/20240500000341%20FT%200151913.pdf,RETENCION IVA DEL 252 al.xlsx,1,0,13360346152759246,0
271,file:///C:/Users/aadmon06/Downloads/20240400000692.pdf,20240400000692.pdf,1,0,13360361767111041,0
272,https://www.google.com/search?q=dolar+paralelo&rlz=1C1GCEU_esVE1100VE1107&oq=dol&gs_lcrp=EgZjaHJvbWUqDQgCEAAYgwEYsQMYgAQyDQgAEAAYgwEYsQMYgAQyDQgBEAAYgwEYsQMYgAQyDQgCEAAYgwEYsQMYgAQyDQgDEAAYgwEYsQMYgAQyBggEEEUYOTIKCAUQABixAxiABDINCAYQABiDARixAxiABDINCAcQABiDARixAxiABDINCAgQABiDARixAxiABNIBCjExODA4ajBqMTWoAgiwAgE&sourceid=chrome&ie=UTF-8,dolar paralelo - Buscar con Google,2,0,13360372754244546,0
273,https://www.google.com/search?q=dolar+paralelo&rlz=1C1GCEU_esVE1100VE1107&oq=&gs_lcrp=EgZjaHJvbWUqCQgAEEUYOxjCAzIJCAAQRRg7GMIDMgkIARBFGDsYwgMyCQgCEEUYOxjCAzIJCAMQRRg7GMIDMgkIBBBFGDsYwgMyCQgFEEUYOxjCAzIJCAYQRRg7GMIDMhEIBxAAGAMYQhiPARi0AhjqAtIBCTE5ODVqMGoxNagCCLACAQ&sourceid=chrome&ie=UTF-8,dolar paralelo - Buscar con Google,2,0,13360372809757622,0
274,https://www.google.com/search?q=whatsapp+web&rlz=1C1GCEU_esVE1100VE1107&oq=&gs_lcrp=EgZjaHJvbWUqCQgAEEUYOxjCAzIJCAAQRRg7GMIDMgkIARBFGDsYwgMyCQgCEEUYOxjCAzIJCAMQRRg7GMIDMgkIBBBFGDsYwgMyCQgFEEUYOxjCAzIJCAYQRRg7GMIDMg8IBxAuGAMYjwEYtAIY6gLSAQkxMDkzajBqMTWoAgiwAgE&sourceid=chrome&ie=UTF-8,whatsapp web - Buscar con Google,2,0,13360421144087511,0
275,file:///C:/Users/aadmon06/Downloads/retenci%C3%B3n%20Factura%200150967.pdf,retención Factura 0150967,1,0,13360422292138434,0
276,https://www.google.com/search?q=whatsapp+web&rlz=1C1GCEU_esVE1100VE1107&oq=&gs_lcrp=EgZjaHJvbWUqCQgAEEUYOxjCAzIJCAAQRRg7GMIDMgkIARBFGDsYwgMyCQgCEEUYOxjCAzIJCAMQRRg7GMIDMgkIBBBFGDsYwgMyCQgFEEUYOxjCAzIJCAYQRRg7GMIDMhEIBxAAGAMYQhiPARi0AhjqAtIBCTEwMDZqMGoxNagCCLACAQ&sourceid=chrome&ie=UTF-8,whatsapp web - Buscar con Google,2,0,13360436164052112,0
277,file:///C:/Users/aadmon06/Downloads/840%20(1).pdf,840,1,0,13360443734233104,0
278,file:///C:/Users/aadmon06/Downloads/retenci%C3%B3n%20Factura%200150967%20(1).pdf,retención Factura 0150967,1,0,13360447208704158,0
279,https://www.google.com/search?q=whatsapp+web&rlz=1C1GCEU_esVE1100VE1107&oq=&gs_lcrp=EgZjaHJvbWUqCQgAEEUYOxjCAzIJCAAQRRg7GMIDMgkIARBFGDsYwgMyCQgCEEUYOxjCAzIJCAMQRRg7GMIDMgkIBBBFGDsYwgMyCQgFEEUYOxjCAzIJCAYQRRg7GMIDMhEIBxAAGAMYQhiPARi0AhjqAtIBCDg4NWowajE1qAIIsAIB&sourceid=chrome&ie=UTF-8,whatsapp web - Buscar con Google,2,0,13360507325375115,0
280,file:///C:/Users/aadmon06/Downloads/Retencion%20de%20IVA%20Nro%2020240400004143.pdf,Retencion de IVA,1,0,13360542724659488,0
281,https://www.google.com/search?q=whatsapp+web&oq=&gs_lcrp=EgZjaHJvbWUqCQgAEEUYOxjCAzIJCAAQRRg7GMIDMgkIARBFGDsYwgMyCQgCEEUYOxjCAzIJCAMQRRg7GMIDMgkIBBBFGDsYwgMyCQgFEEUYOxjCAzIJCAYQRRg7GMIDMhEIBxAAGAMYQhiPARi0AhjqAtIBCDkwMmowajE1qAIIsAIB&sourceid=chrome&ie=UTF-8,whatsapp web - Buscar con Google,2,0,13360680898741449,0
282,file:///C:/Users/aadmon06/Downloads/149934farmayessi.pdf,149934farmayessi.pdf,1,0,13360686296174728,0
283,file:///C:/Users/aadmon06/Downloads/DROGUER%C3%8DA%20VITALCLINIC%20RETENCI%C3%93N%2014-05-2024.pdf,DROGUERÍA VITALCLINIC RETENCIÓN 14-05-2024,1,0,13360695546262130,0
284,file:///C:/Users/aadmon06/Downloads/Reteneci%C3%B3n%20IVA%202024-05-00000099.pdf,Reteneción IVA 2024-05-00000099.pdf,1,0,13360707776487276,0
285,https://www.google.com/search?q=whatsapp+web&rlz=1C1GCEU_esVE1100VE1107&oq=&gs_lcrp=EgZjaHJvbWUqCQgAEEUYOxjCAzIJCAAQRRg7GMIDMgkIARBFGDsYwgMyCQgCEEUYOxjCAzIJCAMQRRg7GMIDMgkIBBBFGDsYwgMyCQgFEEUYOxjCAzIJCAYQRRg7GMIDMhEIBxAAGAMYQhiPARi0AhjqAtIBCDk1NWowajE1qAIIsAIB&sourceid=chrome&ie=UTF-8,whatsapp web - Buscar con Google,2,0,13360766858636729,0
286,https://www.google.com/search?q=indice+de+inversion&rlz=1C1GCEU_esVE1100VE1107&oq=&gs_lcrp=EgZjaHJvbWUqCQgBEEUYOxjCAzIJCAAQRRg7GMIDMgkIARBFGDsYwgMyCQgCEEUYOxjCAzIJCAMQRRg7GMIDMgkIBBBFGDsYwgMyCQgFEEUYOxjCAzIJCAYQRRg7GMIDMg8IBxAuGAMYjwEYtAIY6gLSAQkxMzczajBqMTWoAgiwAgE&sourceid=chrome&ie=UTF-8,indice de inversion - Buscar con Google,2,0,13360766878154425,0
287,file:///C:/Users/aadmon06/Downloads/Reteneci%C3%B3n%20IVA%202024-05-00000099%20(1).pdf,Reteneción IVA 2024-05-00000099 (1).pdf,1,0,13360768597156623,0
288,https://www.google.com/search?q=whatsapp+web&rlz=1C1GCEU_esVE1100VE1107&oq=&gs_lcrp=EgZjaHJvbWUqCQgAEEUYOxjCAzIJCAAQRRg7GMIDMgkIARBFGDsYwgMyCQgCEEUYOxjCAzIJCAMQRRg7GMIDMgkIBBBFGDsYwgMyCQgFEEUYOxjCAzIJCAYQRRg7GMIDMhEIBxAAGAMYQhiPARi0AhjqAtIBCDk5NmowajE1qAIIsAIB&sourceid=chrome&ie=UTF-8,whatsapp web - Buscar con Google,2,0,13360865005198106,0
289,file:///C:/Users/aadmon06/Downloads/COMPROBANTE%20RETENCION%20%20%20%20VITLACLINIC%202538.pdf,COMPROBANTES DE RETENCION I.V.A,1,0,13360865286168592,0
290,file:///C:/Users/aadmon06/Downloads/PDF%20Scanner%20150524%2010.33.10%20(1).pdf,PDF Scanner 150524 10.33.10 (1).pdf,1,0,13360865304514869,0
291,file:///C:/Users/aadmon06/Downloads/Comprobante%20de%20I.V.A._%2020240500181449.pdf,Comprobante de I.V.A._ 20240500181449.pdf,1,0,13360865358570131,0
292,file:///C:/Users/aadmon06/Downloads/DROGUERIA%20VITAL%20CLINIC%20FACT%200130629%20RETENCION.pdf,DROGUERIA VITAL CLINIC FACT 0130629 RETENCION.pdf,1,0,13360865402420130,0
293,https://www.google.com/search?q=whatsapp+web&rlz=1C1GCEU_esVE1100VE1107&oq=&gs_lcrp=EgZjaHJvbWUqCQgAEEUYOxjCAzIJCAAQRRg7GMIDMgkIARBFGDsYwgMyCQgCEEUYOxjCAzIJCAMQRRg7GMIDMgkIBBBFGDsYwgMyCQgFEEUYOxjCAzIJCAYQRRg7GMIDMhEIBxAAGAMYQhiPARi0AhjqAtIBCTEwNDZqMGoxNagCCLACAQ&sourceid=chrome&ie=UTF-8,whatsapp web - Buscar con Google,2,0,13360940272284455,0
294,https://www.google.com/search?q=indice+de+inversion&rlz=1C1GCEU_esVE1100VE1107&oq=&gs_lcrp=EgZjaHJvbWUqCQgBEEUYOxjCAzIJCAAQRRg7GMIDMgkIARBFGDsYwgMyCQgCEEUYOxjCAzIJCAMQRRg7GMIDMgkIBBBFGDsYwgMyCQgFEEUYOxjCAzIJCAYQRRg7GMIDMg8IBxAuGAMYjwEYtAIY6gLSAQkxMzI1ajBqMTWoAgiwAgE&sourceid=chrome&ie=UTF-8,indice de inversion - Buscar con Google,2,0,13360940276961545,0
295,file:///C:/Users/aadmon06/Downloads/Vitalclinic%201461.pdf,Vitalclinic 1461.pdf,1,0,13360978816240898,0
296,https://www.google.com/search?q=whatsapp+web&oq=&gs_lcrp=EgZjaHJvbWUqCQgAEEUYOxjCAzIJCAAQRRg7GMIDMgkIARBFGDsYwgMyCQgCEEUYOxjCAzIJCAMQRRg7GMIDMgkIBBBFGDsYwgMyCQgFEEUYOxjCAzIJCAYQRRg7GMIDMhEIBxAAGAMYQhiPARi0AhjqAtIBCTEwMjFqMGoxNagCCLACAQ&sourceid=chrome&ie=UTF-8,whatsapp web - Buscar con Google,2,0,13361026070236593,0
297,file:///C:/Users/aadmon06/Downloads/retencion%20+%20ahorrro.pdf,retencion + ahorrro.pdf,1,0,13361041469309650,0
298,https://www.google.com/search?q=whatsapp+web&rlz=1C1GCEU_esVE1100VE1107&oq=&gs_lcrp=EgZjaHJvbWUqCQgAEEUYOxjCAzIJCAAQRRg7GMIDMgkIARBFGDsYwgMyCQgCEEUYOxjCAzIJCAMQRRg7GMIDMgkIBBBFGDsYwgMyCQgFEEUYOxjCAzIJCAYQRRg7GMIDMhEIBxAAGAMYQhiPARi0AhjqAtIBCDc0MmowajE1qAIIsAIB&sourceid=chrome&ie=UTF-8,whatsapp web - Buscar con Google,2,0,13361112677282796,0
299,file:///C:/Users/aadmon06/Downloads/Reteneci%C3%B3n%20IVA%202024-05-00000099%20(2).pdf,Reteneción IVA 2024-05-00000099 (2).pdf,1,0,13361145081034765,0
300,https://www.google.com/search?q=whatsapp+web&rlz=1C1GCEU_esVE1100VE1107&oq=&gs_lcrp=EgZjaHJvbWUqCQgAEEUYOxjCAzIJCAAQRRg7GMIDMgkIARBFGDsYwgMyCQgCEEUYOxjCAzIJCAMQRRg7GMIDMgkIBBBFGDsYwgMyCQgFEEUYOxjCAzIJCAYQRRg7GMIDMhEIBxAAGAMYQhiPARi0AhjqAtIBCTEzMTFqMGoxNagCCLACAQ&sourceid=chrome&ie=UTF-8,whatsapp web - Buscar con Google,2,0,13361284406253688,0
301,file:///C:/Users/aadmon06/Downloads/vita%201%20(2).pdf,vita 1 (2).pdf,1,0,13361284516592152,0
302,file:///C:/Users/aadmon06/Downloads/843%20(1).pdf,843,1,0,13361284916392891,0
303,file:///C:/Users/aadmon06/Downloads/retencion%20+%20ahorrro%20(2).pdf,retencion + ahorrro (2).pdf,1,0,13361285317092319,0
304,file:///C:/Users/aadmon06/Downloads/20240500000371%20FT%200154388%20(3).pdf,20240500000371 FT 0154388 (3).pdf,1,0,13361285435556535,0
305,file:///C:/Users/aadmon06/Downloads/Reteneci%C3%B3n%20IVA%202024-05-00000099%20(3).pdf,Reteneción IVA 2024-05-00000099 (3).pdf,1,0,13361285864029553,0
306,file:///C:/Users/aadmon06/Downloads/DROGUER%C3%8DA%20VITALCLINIC%20RETENCI%C3%93N%2014-05-2024%20(1).pdf,DROGUERÍA VITALCLINIC RETENCIÓN 14-05-2024,1,0,13361291539439031,0
307,file:///C:/Users/aadmon06/Downloads/DROGUER%C3%8DA%20VITALCLINIC%20RETENCI%C3%93N%2014-05-2024%20(2).pdf,DROGUERÍA VITALCLINIC RETENCIÓN 14-05-2024,1,0,13361292554848580,0
308,file:///C:/Users/aadmon06/Downloads/Reteneci%C3%B3n%20IVA%202024-05-00000099%20(4).pdf,Reteneción IVA 2024-05-00000099 (4).pdf,1,0,13361302571436616,0
309,file:///C:/Users/aadmon06/Downloads/VITALCLINIC%206483.pdf,Automatically generated PDF from existing images.,1,0,13361308285477947,0
310,https://www.google.com/search?q=whatsapp+web&rlz=1C1GCEU_esVE1100VE1107&oq=&gs_lcrp=EgZjaHJvbWUqCQgAEEUYOxjCAzIJCAAQRRg7GMIDMgkIARBFGDsYwgMyCQgCEEUYOxjCAzIJCAMQRRg7GMIDMgkIBBBFGDsYwgMyCQgFEEUYOxjCAzIJCAYQRRg7GMIDMhEIBxAAGAMYQhiPARi0AhjqAtIBCTEwNzZqMGoxNagCCLACAQ&sourceid=chrome&ie=UTF-8,whatsapp web - Buscar con Google,2,0,13361372503223382,0
311,https://www.google.com/search?q=whatsapp+web&rlz=1C1GCEU_esVE1100VE1107&oq=&gs_lcrp=EgZjaHJvbWUqCQgAEEUYOxjCAzIJCAAQRRg7GMIDMgkIARBFGDsYwgMyCQgCEEUYOxjCAzIJCAMQRRg7GMIDMgkIBBBFGDsYwgMyCQgFEEUYOxjCAzIJCAYQRRg7GMIDMhEIBxAAGAMYQhiPARi0AhjqAtIBCjUwOTY1ajBqMTWoAgiwAgE&sourceid=chrome&ie=UTF-8,whatsapp web - Buscar con Google,2,0,13361458052802079,0
312,https://www.google.com/search?q=whatsapp+web&rlz=1C1GCEU_esVE1100VE1107&oq=&gs_lcrp=EgZjaHJvbWUqCQgAEEUYOxjCAzIJCAAQRRg7GMIDMgkIARBFGDsYwgMyCQgCEEUYOxjCAzIJCAMQRRg7GMIDMgkIBBBFGDsYwgMyCQgFEEUYOxjCAzIJCAYQRRg7GMIDMg8IBxAuGAMYjwEYtAIY6gLSAQg5ODlqMGoxNagCCLACAQ&sourceid=chrome&ie=UTF-8,whatsapp web - Buscar con Google,2,0,13361544813809787,0
313,file:///C:/Users/aadmon06/Downloads/Reteneci%C3%B3n%20IVA%202024-05-00000095%20(2).pdf,Reteneción IVA 2024-05-00000095 (2).pdf,1,0,13361556015443146,0
314,file:///C:/Users/aadmon06/Downloads/Ret%20Vitalclinic%20Fc%200153199.pdf,Ret Vitalclinic Fc 0153199,1,0,13361556214254854,0
315,file:///C:/Users/aadmon06/Downloads/Ret%20Vitalclinic%20Fc%200153199%20(1).pdf,Ret Vitalclinic Fc 0153199,1,0,13361568932210496,0
316,https://www.google.com/search?q=whatsapp+web&rlz=1C1GCEU_esVE1100VE1107&oq=&gs_lcrp=EgZjaHJvbWUqCQgAEEUYOxjCAzIJCAAQRRg7GMIDMgkIARBFGDsYwgMyCQgCEEUYOxjCAzIJCAMQRRg7GMIDMgkIBBBFGDsYwgMyCQgFEEUYOxjCAzIJCAYQRRg7GMIDMhEIBxAAGAMYQhiPARi0AhjqAtIBCDkwN2owajE1qAIIsAIB&sourceid=chrome&ie=UTF-8,whatsapp web - Buscar con Google,2,0,13361631014976860,0
317,https://www.google.com/search?q=indice+de+inversion&rlz=1C1GCEU_esVE1100VE1107&oq=&gs_lcrp=EgZjaHJvbWUqCQgBEEUYOxjCAzIJCAAQRRg7GMIDMgkIARBFGDsYwgMyCQgCEEUYOxjCAzIJCAMQRRg7GMIDMgkIBBBFGDsYwgMyCQgFEEUYOxjCAzIJCAYQRRg7GMIDMhEIBxAAGAMYQhiPARi0AhjqAtIBDjExNTYzMjIxMTdqMGo3qAIIsAIB&sourceid=chrome&ie=UTF-8,indice de inversion - Buscar con Google,2,0,13361643435817059,0
318,https://www.google.com/search?q=mercantil+en+linea&rlz=1C1GCEU_esVE1100VE1107&oq=meca&gs_lcrp=EgZjaHJvbWUqDwgFEAAYChiDARixAxiABDIGCAAQRRg5MhUIARAuGAoYgwEYxwEYsQMY0QMYgAQyFQgCEC4YChiDARjHARixAxjRAxiABDIHCAMQABiABDIHCAQQABiABDIPCAUQABgKGIMBGLEDGIAEMgcIBhAAGIAEMgcIBxAAGIAE0gEJODA3MGowajE1qAIIsAIB&sourceid=chrome&ie=UTF-8,mercantil en linea - Buscar con Google,2,0,13361648255718741,0
319,https://www30.mercantilbanco.com/olb/TimeoutFrame,Mercantil en Línea,1,0,13361648259991498,0
320,https://www30.mercantilbanco.com/olb/InitMerc,Mercantil,1,0,13361648261963251,0
321,https://www30.mercantilbanco.com/olb/InitFrame,Mercantil en Línea,1,0,13361648285495033,0
322,https://www30.mercantilbanco.com/olb/ExitFrame,Mercantil en Línea,1,0,13361648581902387,0
323,https://www.google.com/search?q=whatsapp+web&rlz=1C1GCEU_esVE1100VE1107&oq=&gs_lcrp=EgZjaHJvbWUqCQgAEEUYOxjCAzIJCAAQRRg7GMIDMgkIARBFGDsYwgMyCQgCEEUYOxjCAzIJCAMQRRg7GMIDMgkIBBBFGDsYwgMyCQgFEEUYOxjCAzIJCAYQRRg7GMIDMgkIBxBFGDsYwgPSAQkxMTM2ajBqMTWoAgiwAgE&sourceid=chrome&ie=UTF-8,whatsapp web - Buscar con Google,2,0,13361716746257326,0
324,file:///C:/Users/aadmon06/Downloads/7793-156721.PDF,7793-156721.PDF,2,0,13361725412047649,0
325,https://www.google.com/search?q=whatsapp+web&oq=&gs_lcrp=EgZjaHJvbWUqCQgAEEUYOxjCAzIJCAAQRRg7GMIDMgkIARBFGDsYwgMyCQgCEEUYOxjCAzIJCAMQRRg7GMIDMgkIBBBFGDsYwgMyCQgFEEUYOxjCAzIJCAYQRRg7GMIDMgkIBxBFGDsYwgPSAQkxMDQ2ajBqMTWoAgiwAgE&sourceid=chrome&ie=UTF-8,whatsapp web - Buscar con Google,2,0,13361890387195193,0
326,https://www.google.com/search?q=indice+de+inversion&rlz=1C1GCEU_esVE1100VE1107&oq=in&gs_lcrp=EgZjaHJvbWUqBggAEEUYOzIGCAAQRRg7MgYIARBFGDkyEggCEAAYQxiDARixAxiABBiKBTISCAMQABhDGIMBGLEDGIAEGIoFMgwIBBAAGEMYgAQYigUyDAgFEAAYQxiABBiKBTIMCAYQABhDGIAEGIoFMhIIBxAuGEMYxwEY0QMYgAQYigUyDAgIEAAYQxiABBiKBTIMCAkQABhDGIAEGIoF0gEJMzQzNWowajE1qAIIsAIB&sourceid=chrome&ie=UTF-8,indice de inversion - Buscar con Google,2,0,13361890579878095,0
327,https://www.google.com/search?q=whatsapp+web&rlz=1C1GCEU_esVE1100VE1107&oq=&gs_lcrp=EgZjaHJvbWUqCQgAEEUYOxjCAzIJCAAQRRg7GMIDMgkIARBFGDsYwgMyCQgCEEUYOxjCAzIJCAMQRRg7GMIDMgkIBBBFGDsYwgMyCQgFEEUYOxjCAzIJCAYQRRg7GMIDMgkIBxBFGDsYwgPSAQkzMTQxajBqMTWoAgiwAgE&sourceid=chrome&ie=UTF-8,whatsapp web - Buscar con Google,2,0,13361976672960071,0
328,https://www.google.com/search?q=indice+de+inversion&rlz=1C1GCEU_esVE1100VE1107&oq=&gs_lcrp=EgZjaHJvbWUqCQgBEEUYOxjCAzIJCAAQRRg7GMIDMgkIARBFGDsYwgMyCQgCEEUYOxjCAzIJCAMQRRg7GMIDMgkIBBBFGDsYwgMyCQgFEEUYOxjCAzIJCAYQRRg7GMIDMgkIBxBFGDsYwgPSAQg4OTFqMGoxNagCCLACAQ&sourceid=chrome&ie=UTF-8,indice de inversion - Buscar con Google,2,0,13361976682587791,0
329,https://www.google.com/search?q=indice+de+inversion&rlz=1C1GCEU_esVE1100VE1107&oq=&gs_lcrp=EgZjaHJvbWUqCQgBEEUYOxjCAzIJCAAQRRg7GMIDMgkIARBFGDsYwgMyCQgCEEUYOxjCAzIJCAMQRRg7GMIDMgkIBBBFGDsYwgMyCQgFEEUYOxjCAzIJCAYQRRg7GMIDMgkIBxBFGDsYwgPSAQkxMDIwajBqMTWoAgiwAgE&sourceid=chrome&ie=UTF-8,indice de inversion - Buscar con Google,2,0,13362011679405063,0
330,https://www.google.com/search?q=whatsapp+web&rlz=1C1GCEU_esVE1100VE1107&oq=&gs_lcrp=EgZjaHJvbWUqCQgAEEUYOxjCAzIJCAAQRRg7GMIDMgkIARBFGDsYwgMyCQgCEEUYOxjCAzIJCAMQRRg7GMIDMgkIBBBFGDsYwgMyCQgFEEUYOxjCAzIJCAYQRRg7GMIDMgkIBxBFGDsYwgPSAQkxNTA1ajBqMTWoAgiwAgE&sourceid=chrome&ie=UTF-8,whatsapp web - Buscar con Google,2,0,13362063148584889,0
331,file:///C:/Users/aadmon06/Downloads/PDF%20Scanner%20050624%201.56.23.pdf,PDF Scanner 050624 1.56.23.pdf,1,0,13362084049314885,0
332,https://www.google.com/search?q=whatsapp+web&rlz=1C1GCEU_esVE1100VE1107&oq=&gs_lcrp=EgZjaHJvbWUqCQgAEEUYOxjCAzIJCAAQRRg7GMIDMgkIARBFGDsYwgMyCQgCEEUYOxjCAzIJCAMQRRg7GMIDMgkIBBBFGDsYwgMyCQgFEEUYOxjCAzIJCAYQRRg7GMIDMgkIBxBFGDsYwgPSAQkxMTg4ajBqMTWoAgiwAgE&sourceid=chrome&ie=UTF-8,whatsapp web - Buscar con Google,2,0,13362150204564297,0
333,https://www.google.com/search?q=whatsapp+web&rlz=1C1GCEU_esVE1100VE1107&oq=&gs_lcrp=EgZjaHJvbWUqCQgAEEUYOxjCAzIJCAAQRRg7GMIDMgkIARBFGDsYwgMyCQgCEEUYOxjCAzIJCAMQRRg7GMIDMgkIBBBFGDsYwgMyCQgFEEUYOxjCAzIJCAYQRRg7GMIDMgkIBxBFGDsYwgPSAQkxMjUyajBqMTWoAgiwAgE&sourceid=chrome&ie=UTF-8,whatsapp web - Buscar con Google,2,0,13362236518796433,0
334,file:///C:/Users/aadmon06/Downloads/comprobant%20649%20%20vitalclinic%200074575.pdf,comprobant 649 vitalclinic 0074575.pdf,1,0,13362236621670291,0
335,file:///C:/Users/aadmon06/Downloads/Comprobante%20de%20Retenci%C3%B3n%20IVA%20factura%200155177.PDF,Export to PDF!,1,0,13362237684560608,0
336,file:///C:/Users/aadmon06/Downloads/Comprobante%20de%20Retenci%C3%B3n%20IVA%20factura%200155158.PDF,Export to PDF!,1,0,13362237700332270,0
337,file:///C:/Users/aadmon06/Downloads/Comprobante%20de%20Retenci%C3%B3n%20IVA%20factura%200154982.PDF,Export to PDF!,1,0,13362237717960071,0
338,file:///C:/Users/aadmon06/Downloads/Reteneci%C3%B3n%20IVA%202024-05-00000099%20(5).pdf,Reteneción IVA 2024-05-00000099 (5).pdf,1,0,13362248348841907,0
339,file:///C:/Users/aadmon06/Downloads/RETENCION%20510%20VITALCLINICfarmacia%20mar.pdf,RETENCION 510 VITALCLINICfarmacia mar.pdf,1,0,13362260458131958,0
340,https://www.google.com/search?q=whatsapp+web&rlz=1C1GCEU_esVE1100VE1107&oq=&gs_lcrp=EgZjaHJvbWUqCQgAEEUYOxjCAzIJCAAQRRg7GMIDMgkIARBFGDsYwgMyCQgCEEUYOxjCAzIJCAMQRRg7GMIDMgkIBBBFGDsYwgMyCQgFEEUYOxjCAzIJCAYQRRg7GMIDMgkIBxBFGDsYwgPSAQg3ODBqMGoxNagCCLACAQ&sourceid=chrome&ie=UTF-8,whatsapp web - Buscar con Google,2,0,13362321886236971,0
341,file:///C:/Users/aadmon06/Downloads/RET%20VITAL%20153225farmacia%20candelaria%20(1).pdf,PrintCompRet,1,0,13362322417919748,0
342,https://www.google.com/search?q=whatsapp+web&rlz=1C1GCEU_esVE1100VE1107&oq=&gs_lcrp=EgZjaHJvbWUqCQgAEEUYOxjCAzIJCAAQRRg7GMIDMgkIARBFGDsYwgMyCQgCEEUYOxjCAzIJCAMQRRg7GMIDMgkIBBBFGDsYwgMyCQgFEEUYOxjCAzIJCAYQRRg7GMIDMgkIBxBFGDsYwgPSAQg3NzJqMGoxNagCCLACAQ&sourceid=chrome&ie=UTF-8,whatsapp web - Buscar con Google,2,0,13362331557249336,0
343,file:///C:/Users/aadmon06/Downloads/comprobant%20649%20%20vitalclinic%200074575%20(1).pdf,comprobant 649 vitalclinic 0074575 (1).pdf,1,0,13362345342174873,0
344,https://www.google.com/search?q=indice+de+inversion&rlz=1C1GCEU_esVE1100VE1107&oq=&gs_lcrp=EgZjaHJvbWUqCQgBEEUYOxjCAzIJCAAQRRg7GMIDMgkIARBFGDsYwgMyCQgCEEUYOxjCAzIJCAMQRRg7GMIDMgkIBBBFGDsYwgMyCQgFEEUYOxjCAzIJCAYQRRg7GMIDMgkIBxBFGDsYwgPSAQg4MTNqMGoxNagCCLACAQ&sourceid=chrome&ie=UTF-8,indice de inversion - Buscar con Google,2,0,13362349053589702,0
345,file:///C:/Users/aadmon06/Downloads/VITALCLINIC%20156220%20(2743).pdf,VITALCLINIC 156220 (2743).pdf,1,0,13362355545351548,0
346,https://www.google.com/search?q=whatsapp+web&rlz=1C1GCEU_esVE1100VE1107&oq=&gs_lcrp=EgZjaHJvbWUqCQgAEEUYOxjCAzIJCAAQRRg7GMIDMgkIARBFGDsYwgMyCQgCEEUYOxjCAzIJCAMQRRg7GMIDMgkIBBBFGDsYwgMyCQgFEEUYOxjCAzIJCAYQRRg7GMIDMgkIBxBFGDsYwgPSAQkxMDEyajBqMTWoAgiwAgE&sourceid=chrome&ie=UTF-8,whatsapp web - Buscar con Google,2,0,13362495233410253,0
347,https://www.google.com/search?q=indice+de+inversion&rlz=1C1GCEU_esVE1100VE1107&oq=&gs_lcrp=EgZjaHJvbWUqCQgBEEUYOxjCAzIJCAAQRRg7GMIDMgkIARBFGDsYwgMyCQgCEEUYOxjCAzIJCAMQRRg7GMIDMgkIBBBFGDsYwgMyCQgFEEUYOxjCAzIJCAYQRRg7GMIDMgkIBxBFGDsYwgPSAQkxMjIwajBqMTWoAgiwAgE&sourceid=chrome&ie=UTF-8,indice de inversion - Buscar con Google,2,0,13362495237634246,0
348,https://www.google.com/search?q=indice+de+inversion&rlz=1C1GCEU_esVE1100VE1107&oq=&gs_lcrp=EgZjaHJvbWUqCQgBEEUYOxjCAzIJCAAQRRg7GMIDMgkIARBFGDsYwgMyCQgCEEUYOxjCAzIJCAMQRRg7GMIDMgkIBBBFGDsYwgMyCQgFEEUYOxjCAzIJCAYQRRg7GMIDMgkIBxBFGDsYwgPSAQkxMTQyajBqMTWoAgiwAgE&sourceid=chrome&ie=UTF-8,indice de inversion - Buscar con Google,4,0,13363358515227365,0
349,file:///C:/Users/aadmon06/Downloads/VITALCLINIC%20156220%20(2743)%20(1).pdf,VITALCLINIC 156220 (2743) (1).pdf,1,0,13362502700327455,0
350,https://www.google.com/search?q=whatsapp+web&rlz=1C1GCEU_esVE1100VE1107&oq=&gs_lcrp=EgZjaHJvbWUqCQgAEEUYOxjCAzIJCAAQRRg7GMIDMgkIARBFGDsYwgMyCQgCEEUYOxjCAzIJCAMQRRg7GMIDMgkIBBBFGDsYwgMyCQgFEEUYOxjCAzIJCAYQRRg7GMIDMgkIBxBFGDsYwgPSAQkxNjEzajBqMTWoAgiwAgE&sourceid=chrome&ie=UTF-8,whatsapp web - Buscar con Google,2,0,13362581549309631,0
351,https://www.google.com/search?q=indice+de+inversion&rlz=1C1GCEU_esVE1100VE1107&oq=&gs_lcrp=EgZjaHJvbWUqCQgBEEUYOxjCAzIJCAAQRRg7GMIDMgkIARBFGDsYwgMyCQgCEEUYOxjCAzIJCAMQRRg7GMIDMgkIBBBFGDsYwgMyCQgFEEUYOxjCAzIJCAYQRRg7GMIDMgkIBxBFGDsYwgPSAQg5NzRqMGoxNagCCLACAQ&sourceid=chrome&ie=UTF-8,indice de inversion - Buscar con Google,2,0,13362581553914145,0
352,https://www.google.com/search?q=indice+de+inversion&rlz=1C1GCEU_esVE1100VE1107&oq=&gs_lcrp=EgZjaHJvbWUqCQgBEEUYOxjCAzIJCAAQRRg7GMIDMgkIARBFGDsYwgMyCQgCEEUYOxjCAzIJCAMQRRg7GMIDMgkIBBBFGDsYwgMyCQgFEEUYOxjCAzIJCAYQRRg7GMIDMgkIBxBFGDsYwgPSAQkxNjcwajBqMTWoAgiwAgE&sourceid=chrome&ie=UTF-8,indice de inversion - Buscar con Google,2,0,13362581586678494,0
353,"file:///C:/Users/aadmon06/Downloads/FARMACIA%20LA%20VIGI%CC%81A%20S&S,%20C.A..pdf","FARMACIA LA VIGÍA S&S, C.A.",1,0,13362592361056106,0
354,https://www.google.com/search?q=whatsapp+web&rlz=1C1GCEU_esVE1100VE1107&oq=&gs_lcrp=EgZjaHJvbWUqCQgAEEUYOxjCAzIJCAAQRRg7GMIDMgkIARBFGDsYwgMyCQgCEEUYOxjCAzIJCAMQRRg7GMIDMgkIBBBFGDsYwgMyCQgFEEUYOxjCAzIJCAYQRRg7GMIDMgkIBxBFGDsYwgPSAQg4NDRqMGoxNagCCLACAQ&sourceid=chrome&ie=UTF-8,whatsapp web - Buscar con Google,2,0,13362667986349653,0
355,https://www.google.com/search?q=indice+de+inversion&rlz=1C1GCEU_esVE1100VE1107&oq=&gs_lcrp=EgZjaHJvbWUqCQgBEEUYOxjCAzIJCAAQRRg7GMIDMgkIARBFGDsYwgMyCQgCEEUYOxjCAzIJCAMQRRg7GMIDMgkIBBBFGDsYwgMyCQgFEEUYOxjCAzIJCAYQRRg7GMIDMgkIBxBFGDsYwgPSAQg4OTNqMGoxNagCCLACAQ&sourceid=chrome&ie=UTF-8,indice de inversion - Buscar con Google,2,0,13362667996636202,0
356,file:///C:/Users/aadmon06/Downloads/VITALCLINIC%20RET%20159726.pdf,PrintCompRet,1,0,13362676628975773,0
357,file:///C:/Users/aadmon06/Downloads/FACTURA-156447%20(1).pdf,PrintCompRet,1,0,13362676687730608,0
358,file:///C:/Users/aadmon06/Downloads/VITALCLINIC%20RET%20159726%20(1).pdf,PrintCompRet,1,0,13362676699058877,0
359,file:///C:/Users/aadmon06/Downloads/TapScanner%2012-06-2024-14%EA%9E%8905%20(1).pdf,TapScanner 12-06-2024-14꞉05 (1).pdf,1,0,13362689897828198,0
360,file:///C:/Users/aadmon06/Downloads/TapScanner%2012-06-2024-14%EA%9E%8905%20(2).pdf,TapScanner 12-06-2024-14꞉05 (2).pdf,1,0,13362698121678586,0
361,file:///C:/Users/aadmon06/Downloads/RETENCION%202530%20(1).pdf,RETENCION 2530 (1).pdf,1,0,13362702733443779,0
362,https://www.google.com/search?q=whatsapp+web&rlz=1C1GCEU_esVE1100VE1107&oq=&gs_lcrp=EgZjaHJvbWUqCQgAEEUYOxjCAzIJCAAQRRg7GMIDMgkIARBFGDsYwgMyCQgCEEUYOxjCAzIJCAMQRRg7GMIDMgkIBBBFGDsYwgMyCQgFEEUYOxjCAzIJCAYQRRg7GMIDMgkIBxBFGDsYwgPSAQkxNTg2ajBqMTWoAgiwAgE&sourceid=chrome&ie=UTF-8,whatsapp web - Buscar con Google,2,0,13362754585209955,0
363,https://www.google.com/search?q=whatsapp+web&rlz=1C1GCEU_esVE1100VE1107&oq=&gs_lcrp=EgZjaHJvbWUqCQgAEEUYOxjCAzIJCAAQRRg7GMIDMgkIARBFGDsYwgMyCQgCEEUYOxjCAzIJCAMQRRg7GMIDMgkIBBBFGDsYwgMyCQgFEEUYOxjCAzIJCAYQRRg7GMIDMgkIBxBFGDsYwgPSAQkxMjg2ajBqMTWoAgiwAgE&sourceid=chrome&ie=UTF-8,whatsapp web - Buscar con Google,2,0,13362789992261493,0
364,https://www.google.com/search?q=whatsapp+web&rlz=1C1GCEU_esVE1100VE1107&oq=&gs_lcrp=EgZjaHJvbWUqCQgAEEUYOxjCAzIJCAAQRRg7GMIDMgkIARBFGDsYwgMyCQgCEEUYOxjCAzIJCAMQRRg7GMIDMgkIBBBFGDsYwgMyCQgFEEUYOxjCAzIJCAYQRRg7GMIDMgkIBxBFGDsYwgPSAQkxODE3ajBqMTWoAgiwAgE&sourceid=chrome&ie=UTF-8,whatsapp web - Buscar con Google,2,0,13362840360288318,0
365,file:///C:/Users/aadmon06/Downloads/VITALCLINIC%20159731%20(1).pdf,VITALCLINIC 159731 (1).pdf,2,0,13362844287022524,0
366,file:///C:/Users/aadmon06/Downloads/850.pdf,850,1,0,13362865314777620,0
367,https://www.google.com/search?q=whatsapp+web&rlz=1C1GCEU_esVE1100VE1107&oq=&gs_lcrp=EgZjaHJvbWUqCQgAEEUYOxjCAzIJCAAQRRg7GMIDMgkIARBFGDsYwgMyCQgCEEUYOxjCAzIJCAMQRRg7GMIDMgkIBBBFGDsYwgMyCQgFEEUYOxjCAzIJCAYQRRg7GMIDMgkIBxBFGDsYwgPSAQkxMTU3ajBqMTWoAgiwAgE&sourceid=chrome&ie=UTF-8,whatsapp web - Buscar con Google,1,0,13362927687687117,0
368,file:///C:/Users/aadmon06/Downloads/1888COMPROBANTE%20%20DE%20RETENCION%20DE%20IVA%20FACTURA%200155716%20%2001557020%20%2001557021%20VITALCLINIC%20(2).pdf,1888COMPROBANTE DE RETENCION DE IVA FACTURA 0155716 01557020 01557021 VITALCLINIC (2).pdf,1,0,13362927746372584,0
369,file:///C:/Users/aadmon06/Downloads/ret%20fact%206646%20y%207862.pdf,ret fact 6646 y 7862,1,0,13362927792551584,0
370,file:///C:/Users/aadmon06/Downloads/ret%20drog%20vitalclinic%20fact150899%20C.PDF,Export to PDF!,1,0,13362933750112477,0
371,file:///C:/Users/aadmon06/Downloads/ret%20drog%20vitalclinic%20fact150899%20C%20(1).PDF,Export to PDF!,1,0,13362936725004873,0
372,https://www.google.com/search?q=indice+de+inversion&rlz=1C1GCEU_esVE1100VE1107&oq=&gs_lcrp=EgZjaHJvbWUqCQgBEEUYOxjCAzIJCAAQRRg7GMIDMgkIARBFGDsYwgMyCQgCEEUYOxjCAzIJCAMQRRg7GMIDMgkIBBBFGDsYwgMyCQgFEEUYOxjCAzIJCAYQRRg7GMIDMgkIBxBFGDsYwgPSAQg5NjZqMGoxNagCCLACAQ&sourceid=chrome&ie=UTF-8,indice de inversion - Buscar con Google,2,0,13362951315119030,0
373,https://www.bcv.org.ve/estadisticas/indice-de-inversion?page=2,Indice de Inversión (Base=28/10/2019) | Page 3 | Banco Central de Venezuela,1,0,13362951382094598,0
374,https://www.google.com/search?q=whatsapp+web&oq=&gs_lcrp=EgZjaHJvbWUqCQgAEEUYOxjCAzIJCAAQRRg7GMIDMgkIARBFGDsYwgMyCQgCEEUYOxjCAzIJCAMQRRg7GMIDMgkIBBBFGDsYwgMyCQgFEEUYOxjCAzIJCAYQRRg7GMIDMgkIBxBFGDsYwgPSAQg4NjlqMGoxNagCCLACAQ&sourceid=chrome&ie=UTF-8,whatsapp web - Buscar con Google,1,0,13363100203993853,0
375,https://www.google.com/search?q=indice+de+inversion&rlz=1C1GCEU_esVE1100VE1107&oq=&gs_lcrp=EgZjaHJvbWUqCQgBEEUYOxjCAzIJCAAQRRg7GMIDMgkIARBFGDsYwgMyCQgCEEUYOxjCAzIJCAMQRRg7GMIDMgkIBBBFGDsYwgMyCQgFEEUYOxjCAzIJCAYQRRg7GMIDMgkIBxBFGDsYwgPSAQkzMzgyajBqMTWoAgiwAgE&sourceid=chrome&ie=UTF-8,indice de inversion - Buscar con Google,2,0,13363100214059194,0
376,file:///C:/Users/aadmon06/Downloads/RETENCION%200805%20VITALCLINIC%200156271reetncion%20don%20villa.pdf,RETENCIONES FORMATO PRINCIPAL.xlsx,1,0,13363101122494048,0
377,file:///C:/Users/aadmon06/Downloads/852.pdf,852,1,0,13363126153346962,0
378,file:///C:/Users/aadmon06/Downloads/retencion%20Vitalclinic%200156188.pdf,retencion Vitalclinic 0156188.pdf,1,0,13363126263208742,0
379,file:///C:/Users/aadmon06/Downloads/img20240617_14415612plaza%20ahorro.pdf,img20240617_14415612plaza ahorro.pdf,1,0,13363126542233461,0
380,file:///C:/Users/aadmon06/Downloads/RET%20VITAL%20155104farmacia%20Candelaria.pdf,PrintCompRet,1,0,13363126590388712,0
381,https://www.google.com/search?q=whatsapp+web&rlz=1C1GCEU_esVE1100VE1107&oq=&gs_lcrp=EgZjaHJvbWUqCQgAEEUYOxjCAzIJCAAQRRg7GMIDMgkIARBFGDsYwgMyCQgCEEUYOxjCAzIJCAMQRRg7GMIDMgkIBBBFGDsYwgMyCQgFEEUYOxjCAzIJCAYQRRg7GMIDMgkIBxBFGDsYwgPSAQk0OTA5ajBqMTWoAgiwAgE&sourceid=chrome&ie=UTF-8,whatsapp web - Buscar con Google,1,0,13363130594365237,0
382,https://www.google.com/search?q=whatsapp+web&oq=&gs_lcrp=EgZjaHJvbWUqCQgAEEUYOxjCAzIJCAAQRRg7GMIDMgkIARBFGDsYwgMyCQgCEEUYOxjCAzIJCAMQRRg7GMIDMgkIBBBFGDsYwgMyCQgFEEUYOxjCAzIJCAYQRRg7GMIDMgkIBxBFGDsYwgPSAQg4NTNqMGoxNagCCLACAQ&sourceid=chrome&ie=UTF-8,whatsapp web - Buscar con Google,2,0,13363130660067747,0
383,https://web.whatsapp.com/?post_logout=1,WhatsApp Web,1,0,13363130667470986,0
384,file:///C:/Users/aadmon06/Downloads/CamScanner%2017-06-2024%2015.27.pdf,CamScanner 17-06-2024 15.27,1,0,13363130828155851,0
385,https://www.google.com/search?q=whatsapp+web&rlz=1C1GCEU_esVE1100VE1107&oq=&gs_lcrp=EgZjaHJvbWUqCQgAEEUYOxjCAzIJCAAQRRg7GMIDMgkIARBFGDsYwgMyCQgCEEUYOxjCAzIJCAMQRRg7GMIDMgkIBBBFGDsYwgMyCQgFEEUYOxjCAzIJCAYQRRg7GMIDMgkIBxBFGDsYwgPSAQkxMjkxajBqMTWoAgiwAgE&sourceid=chrome&ie=UTF-8,whatsapp web - Buscar con Google,2,0,13363186447208892,0
386,file:///C:/Users/aadmon06/Downloads/retencion179vitalclinic.pdf,retencion179vitalclinic.pdf,1,0,13363210664680921,0
387,"file:///C:/Users/aadmon06/Downloads/FARMACIA%20LA%20VIGI%CC%81A%20S&S,%20C.A.%20(1).pdf","FARMACIA LA VIGÍA S&S, C.A.",1,0,13363211504170658,0
388,https://www.google.com/search?q=whatsapp+web&rlz=1C1GCEU_esVE1100VE1107&oq=&gs_lcrp=EgZjaHJvbWUqCQgAEEUYOxjCAzIJCAAQRRg7GMIDMgkIARBFGDsYwgMyCQgCEEUYOxjCAzIJCAMQRRg7GMIDMgkIBBBFGDsYwgMyCQgFEEUYOxjCAzIJCAYQRRg7GMIDMgkIBxBFGDsYwgPSAQg4NjJqMGoxNagCCLACAQ&sourceid=chrome&ie=UTF-8,whatsapp web - Buscar con Google,2,0,13363273035877206,0
389,https://www.google.com/search?q=whatsapp+web&rlz=1C1GCEU_esVE1100VE1107&oq=&gs_lcrp=EgZjaHJvbWUqCQgAEEUYOxjCAzIJCAAQRRg7GMIDMgkIARBFGDsYwgMyCQgCEEUYOxjCAzIJCAMQRRg7GMIDMgkIBBBFGDsYwgMyCQgFEEUYOxjCAzIJCAYQRRg7GMIDMgkIBxBFGDsYwgPSAQg5NjdqMGoxNagCCLACAQ&sourceid=chrome&ie=UTF-8,whatsapp web - Buscar con Google,2,0,13363273089787190,0
390,https://www.google.com/search?q=whatsapp+web&rlz=1C1GCEU_esVE1100VE1107&oq=&gs_lcrp=EgZjaHJvbWUqCQgAEEUYOxjCAzIJCAAQRRg7GMIDMgkIARBFGDsYwgMyCQgCEEUYOxjCAzIJCAMQRRg7GMIDMgkIBBBFGDsYwgMyCQgFEEUYOxjCAzIJCAYQRRg7GMIDMgkIBxBFGDsYwgPSAQkxODQ1ajBqMTWoAgiwAgE&sourceid=chrome&ie=UTF-8,whatsapp web - Buscar con Google,2,0,13363273215417763,0
391,file:///C:/Users/aadmon06/Downloads/RETENCI%C3%93N%20VITALCLINIC%20FACT-0131144.pdf,RETENCIÓN VITALCLINIC FACT-0131144,1,0,13363273386206222,0
392,file:///C:/Users/aadmon06/Downloads/RET%20VITAL%20CLINIC%20FACT%20148849.PDF,Export to PDF!,1,0,13363273539228427,0
393,file:///C:/Users/aadmon06/Downloads/RET%20VITAL%20CLINIC%20FAC%20148841%20(1).PDF,Export to PDF!,1,0,13363273556472722,0
394,file:///C:/Users/aadmon06/Downloads/Vital%20clinic%20retencion%20facturas.pdf,Vital clinic retencion facturas.pdf,1,0,13363273593128397,0
395,https://www.google.com/search?q=indice+de+inversion&rlz=1C1GCEU_esVE1100VE1107&oq=&gs_lcrp=EgZjaHJvbWUqCQgBEEUYOxjCAzIJCAAQRRg7GMIDMgkIARBFGDsYwgMyCQgCEEUYOxjCAzIJCAMQRRg7GMIDMgkIBBBFGDsYwgMyCQgFEEUYOxjCAzIJCAYQRRg7GMIDMgkIBxBFGDsYwgPSAQkxMTc0ajBqMTWoAgiwAgE&sourceid=chrome&ie=UTF-8,indice de inversion - Buscar con Google,2,0,13363274292192164,0
396,https://www.google.com/search?q=whatsapp+web&rlz=1C1GCEU_esVE1100VE1107&oq=&gs_lcrp=EgZjaHJvbWUqCQgAEEUYOxjCAzIJCAAQRRg7GMIDMgkIARBFGDsYwgMyCQgCEEUYOxjCAzIJCAMQRRg7GMIDMgkIBBBFGDsYwgMyCQgFEEUYOxjCAzIJCAYQRRg7GMIDMgkIBxBFGDsYwgPSAQkyMTY4ajBqMTWoAgiwAgE&sourceid=chrome&ie=UTF-8,whatsapp web - Buscar con Google,2,0,13363358404463838,0
397,file:///C:/Users/aadmon06/Downloads/7828-157495.PDF,7828-157495.PDF,1,0,13363359352971016,0
398,file:///C:/Users/aadmon06/Downloads/VITALCLINIC%20RET%20FACT%200155424.pdf,VITALCLINIC RET FACT 0155424.pdf,1,0,13363390601227396,0
399,https://www.google.com/search?q=whatsapp+web&rlz=1C1GCEU_esVE1100VE1107&oq=&gs_lcrp=EgZjaHJvbWUqCQgAEEUYOxjCAzIJCAAQRRg7GMIDMgkIARBFGDsYwgMyCQgCEEUYOxjCAzIJCAMQRRg7GMIDMgkIBBBFGDsYwgMyCQgFEEUYOxjCAzIJCAYQRRg7GMIDMgkIBxBFGDsYwgPSAQg5OTRqMGoxNagCCLACAQ&sourceid=chrome&ie=UTF-8,whatsapp web - Buscar con Google,2,0,13363445596290806,0
400,https://www.google.com/search?q=indice+de+inversion&rlz=1C1GCEU_esVE1100VE1107&oq=&gs_lcrp=EgZjaHJvbWUqCQgBEEUYOxjCAzIJCAAQRRg7GMIDMgkIARBFGDsYwgMyCQgCEEUYOxjCAzIJCAMQRRg7GMIDMgkIBBBFGDsYwgMyCQgFEEUYOxjCAzIJCAYQRRg7GMIDMgkIBxBFGDsYwgPSAQg5ODJqMGoxNagCCLACAQ&sourceid=chrome&ie=UTF-8,indice de inversion - Buscar con Google,2,0,13363449900115703,0
401,https://www.google.com/search?q=whatsapp+web&rlz=1C1GCEU_esVE1100VE1107&oq=&gs_lcrp=EgZjaHJvbWUqCQgAEEUYOxjCAzIJCAAQRRg7GMIDMgkIARBFGDsYwgMyCQgCEEUYOxjCAzIJCAMQRRg7GMIDMgkIBBBFGDsYwgMyCQgFEEUYOxjCAzIJCAYQRRg7GMIDMgkIBxBFGDsYwgPSAQkxMjY3ajBqMTWoAgiwAgE&sourceid=chrome&ie=UTF-8,whatsapp web - Buscar con Google,2,0,13363454856136439,0
402,https://www.google.com/search?q=whatsapp+web&rlz=1C1GCEU_esVE1100VE1107&oq=&gs_lcrp=EgZjaHJvbWUqCQgAEEUYOxjCAzIJCAAQRRg7GMIDMgkIARBFGDsYwgMyCQgCEEUYOxjCAzIJCAMQRRg7GMIDMgkIBBBFGDsYwgMyCQgFEEUYOxjCAzIJCAYQRRg7GMIDMgkIBxBFGDsYwgPSAQkyMDc4ajBqMTWoAgiwAgE&sourceid=chrome&ie=UTF-8,whatsapp web - Buscar con Google,2,0,13363532235933997,0
403,file:///C:/Users/aadmon06/Downloads/ret%20IVA%20sumar%20(1)%20(2).pdf,ret IVA sumar (1) (2).pdf,1,0,13363532782658824,0
404,file:///C:/Users/aadmon06/Downloads/ret%20IVA%20vitaclinic%20sumar%20(1).pdf,ret IVA vitaclinic sumar (1).pdf,1,0,13363533429949472,0
405,file:///C:/Users/aadmon06/Downloads/Scan%20vita%20(1).pdf,Scan vita (1).pdf,1,0,13363554804687143,0
406,https://www.google.com/search?q=whatsapp+web&oq=&gs_lcrp=EgZjaHJvbWUqCQgAEEUYOxjCAzIJCAAQRRg7GMIDMgkIARBFGDsYwgMyCQgCEEUYOxjCAzIJCAMQRRg7GMIDMgkIBBBFGDsYwgMyCQgFEEUYOxjCAzIJCAYQRRg7GMIDMgkIBxBFGDsYwgPSAQg3OTBqMGoxNagCCLACAQ&sourceid=chrome&ie=UTF-8,whatsapp web - Buscar con Google,2,0,13363704714721564,0
407,file:///C:/Users/aadmon06/Downloads/COMP%20RET%2020240500001002%20VITALCLINIC.pdf,COMP RET 20240500001002 VITALCLINIC.pdf,1,0,13363709485523160,0
408,file:///C:/Users/aadmon06/Downloads/RETENCION%20907%20VITALCLINIC%20154552.pdf,RETENCIONES AÑO 2024.xlsx,1,0,13363710656992701,0
409,https://www.google.com/search?q=indice+de+inversion&rlz=1C1GCEU_esVE1100VE1107&oq=&gs_lcrp=EgZjaHJvbWUqCQgBEEUYOxjCAzIJCAAQRRg7GMIDMgkIARBFGDsYwgMyCQgCEEUYOxjCAzIJCAMQRRg7GMIDMgkIBBBFGDsYwgMyCQgFEEUYOxjCAzIJCAYQRRg7GMIDMgkIBxBFGDsYwgPSAQkxMTYwajBqMTWoAgiwAgE&sourceid=chrome&ie=UTF-8,indice de inversion - Buscar con Google,2,0,13363717020445915,0
410,https://www.google.com/search?q=whatsapp+web&oq=&gs_lcrp=EgZjaHJvbWUqCQgAEEUYOxjCAzIJCAAQRRg7GMIDMgkIARBFGDsYwgMyCQgCEEUYOxjCAzIJCAMQRRg7GMIDMgkIBBBFGDsYwgMyCQgFEEUYOxjCAzIJCAYQRRg7GMIDMgkIBxBFGDsYwgPSAQkyNTc4ajBqMTWoAgiwAgE&sourceid=chrome&ie=UTF-8,whatsapp web - Buscar con Google,2,0,13363739092274759,0
411,https://www.google.com/search?q=whatsapp+web&rlz=1C1GCEU_esVE1100VE1107&oq=&gs_lcrp=EgZjaHJvbWUqCQgAEEUYOxjCAzIJCAAQRRg7GMIDMgkIARBFGDsYwgMyCQgCEEUYOxjCAzIJCAMQRRg7GMIDMgkIBBBFGDsYwgMyCQgFEEUYOxjCAzIJCAYQRRg7GMIDMgkIBxBFGDsYwgPSAQkxMjc2ajBqMTWoAgiwAgE&sourceid=chrome&ie=UTF-8,whatsapp web - Buscar con Google,1,0,13363791349526390,0
412,https://www.google.com/search?q=whatsapp+web&rlz=1C1GCEU_esVE1100VE1107&oq=&gs_lcrp=EgZjaHJvbWUqCQgAEEUYOxjCAzIJCAAQRRg7GMIDMgkIARBFGDsYwgMyCQgCEEUYOxjCAzIJCAMQRRg7GMIDMgkIBBBFGDsYwgMyCQgFEEUYOxjCAzIJCAYQRRg7GMIDMgkIBxBFGDsYwgPSAQkxMDAyajBqMTWoAgiwAgE&sourceid=chrome&ie=UTF-8,whatsapp web - Buscar con Google,2,0,13363813613933123,0
413,file:///C:/Users/aadmon06/Downloads/CamScanner%2025-06-2024%2013.34%20(1).pdf,CamScanner 25-06-2024 13.34,1,0,13363819988126530,0
414,file:///C:/Users/aadmon06/Downloads/VITALCLINIC%20RET%20FACT%200156291.pdf,VITALCLINIC RET FACT 0156291.pdf,1,0,13363820019710951,0
415,file:///C:/Users/aadmon06/Downloads/Image_PDF_20240625_1610.pdf,Image_PDF_20240625_1610.pdf,1,0,13363822284675836,0
416,https://www.google.com/search?q=whatsapp+web&rlz=1C1GCEU_esVE1100VE1107&oq=&gs_lcrp=EgZjaHJvbWUqCQgAEEUYOxjCAzIJCAAQRRg7GMIDMgkIARBFGDsYwgMyCQgCEEUYOxjCAzIJCAMQRRg7GMIDMgkIBBBFGDsYwgMyCQgFEEUYOxjCAzIJCAYQRRg7GMIDMgkIBxBFGDsYwgPSAQg5ODlqMGoxNagCCLACAQ&sourceid=chrome&ie=UTF-8,whatsapp web - Buscar con Google,2,0,13363878162106373,0
417,https://www.google.com/search?q=whatsapp+web&rlz=1C1GCEU_esVE1100VE1107&oq=&gs_lcrp=EgZjaHJvbWUqCQgAEEUYOxjCAzIJCAAQRRg7GMIDMgkIARBFGDsYwgMyCQgCEEUYOxjCAzIJCAMQRRg7GMIDMgkIBBBFGDsYwgMyCQgFEEUYOxjCAzIJCAYQRRg7GMIDMgkIBxBFGDsYwgPSAQg4NjFqMGoxNagCCLACAQ&sourceid=chrome&ie=UTF-8,whatsapp web - Buscar con Google,2,0,13363964205440329,0
418,https://www.google.com/search?q=indice+de+inversion&rlz=1C1GCEU_esVE1100VE1107&oq=&gs_lcrp=EgZjaHJvbWUqCQgBEEUYOxjCAzIJCAAQRRg7GMIDMgkIARBFGDsYwgMyCQgCEEUYOxjCAzIJCAMQRRg7GMIDMgkIBBBFGDsYwgMyCQgFEEUYOxjCAzIJCAYQRRg7GMIDMgkIBxBFGDsYwgPSAQg4MDVqMGoxNagCCLACAQ&sourceid=chrome&ie=UTF-8,indice de inversion - Buscar con Google,2,0,13363964208217068,0
419,https://www.google.com/search?q=indice+de+inversion&rlz=1C1GCEU_esVE1100VE1107&oq=&gs_lcrp=EgZjaHJvbWUqCQgBEEUYOxjCAzIJCAAQRRg7GMIDMgkIARBFGDsYwgMyCQgCEEUYOxjCAzIJCAMQRRg7GMIDMgkIBBBFGDsYwgMyCQgFEEUYOxjCAzIJCAYQRRg7GMIDMgkIBxBFGDsYwgPSAQkxNTkwajBqMTWoAgiwAgE&sourceid=chrome&ie=UTF-8,indice de inversion - Buscar con Google,2,0,13363964309421840,0
420,file:///C:/Users/aadmon06/Downloads/vitalclinic%20retenci%C3%B3n%20.pdf,vitalclinic retención,1,0,13363986205830576,0
421,https://www.google.com/search?q=whatsapp+web&rlz=1C1GCEU_esVE1100VE1107&oq=&gs_lcrp=EgZjaHJvbWUqCQgAEEUYOxjCAzIJCAAQRRg7GMIDMgkIARBFGDsYwgMyCQgCEEUYOxjCAzIJCAMQRRg7GMIDMgkIBBBFGDsYwgMyCQgFEEUYOxjCAzIJCAYQRRg7GMIDMgkIBxBFGDsYwgPSAQkzNDE5ajBqMTWoAgiwAgE&sourceid=chrome&ie=UTF-8,whatsapp web - Buscar con Google,2,0,13364050860925566,0
422,file:///C:/Users/aadmon06/Downloads/DROGUERIAla%20vigia%20(2).pdf,DROGUERIAla vigia (2).pdf,1,0,13364051077396052,0
423,file:///C:/Users/aadmon06/Downloads/RET%20VITAL%20157414farmacia%20cancelaria.pdf,PrintCompRet,1,0,13364051198801140,0
424,file:///C:/Users/aadmon06/Downloads/Image_PDF_20240625_1610%20(2).pdf,Image_PDF_20240625_1610 (2).pdf,1,0,13364076384556438,0
425,file:///C:/Users/aadmon06/Downloads/RET%20VITAL%20157944candelaria.pdf,PrintCompRet,1,0,13364082428750691,0
426,https://www.google.com/search?q=whatsapp+web&rlz=1C1GCEU_esVE1100VE1107&oq=&gs_lcrp=EgZjaHJvbWUqCQgAEEUYOxjCAzIJCAAQRRg7GMIDMgkIARBFGDsYwgMyCQgCEEUYOxjCAzIJCAMQRRg7GMIDMgkIBBBFGDsYwgMyCQgFEEUYOxjCAzIJCAYQRRg7GMIDMgkIBxBFGDsYwgPSAQkyMTA4ajBqMTWoAgiwAgE&sourceid=chrome&ie=UTF-8,whatsapp web - Buscar con Google,2,0,13364137033283095,0
427,file:///C:/Users/aadmon06/Downloads/Comprobante%20de%20I.V.A._%2020240600182926%20(1).pdf,Comprobante de I.V.A._ 20240600182926 (1).pdf,1,0,13364137179338256,0
428,file:///C:/Users/aadmon06/Downloads/ret%20IVA%20sumat%20(2).pdf,ret IVA sumat (2).pdf,1,0,13364137540368911,0
429,https://www.google.com/search?q=whatsapp+web&rlz=1C1GCEU_esVE1100VE1107&oq=&gs_lcrp=EgZjaHJvbWUqCQgAEEUYOxjCAzIJCAAQRRg7GMIDMgkIARBFGDsYwgMyCQgCEEUYOxjCAzIJCAMQRRg7GMIDMgkIBBBFGDsYwgMyCQgFEEUYOxjCAzIJCAYQRRg7GMIDMgkIBxBFGDsYwgPSAQkxMTEzajBqMTWoAgiwAgE&sourceid=chrome&ie=UTF-8,whatsapp web - Buscar con Google,2,0,13364309835690965,0
430,https://www.google.com/search?q=indice+de+inversion&rlz=1C1GCEU_esVE1100VE1107&oq=&gs_lcrp=EgZjaHJvbWUqCQgBEEUYOxjCAzIJCAAQRRg7GMIDMgkIARBFGDsYwgMyCQgCEEUYOxjCAzIJCAMQRRg7GMIDMgkIBBBFGDsYwgMyCQgFEEUYOxjCAzIJCAYQRRg7GMIDMgkIBxBFGDsYwgPSAQkxMTQ4ajBqMTWoAgiwAgE&sourceid=chrome&ie=UTF-8,indice de inversion - Buscar con Google,2,0,13364309954131817,0
431,https://www.google.com/search?q=indice+de+inversion&rlz=1C1GCEU_esVE1100VE1107&oq=&gs_lcrp=EgZjaHJvbWUqCQgBEEUYOxjCAzIJCAAQRRg7GMIDMgkIARBFGDsYwgMyCQgCEEUYOxjCAzIJCAMQRRg7GMIDMgkIBBBFGDsYwgMyCQgFEEUYOxjCAzIJCAYQRRg7GMIDMgkIBxBFGDsYwgPSAQkxMDMwajBqMTWoAgiwAgE&sourceid=chrome&ie=UTF-8,indice de inversion - Buscar con Google,2,0,13364311411906081,0
432,https://www.google.com/search?q=whatsapp+web&oq=&gs_lcrp=EgZjaHJvbWUqCQgAEEUYOxjCAzIJCAAQRRg7GMIDMgkIARBFGDsYwgMyCQgCEEUYOxjCAzIJCAMQRRg7GMIDMgkIBBBFGDsYwgMyCQgFEEUYOxjCAzIJCAYQRRg7GMIDMgkIBxBFGDsYwgPSAQg4ODZqMGoxNagCCLACAQ&sourceid=chrome&ie=UTF-8,whatsapp web - Buscar con Google,2,0,13364396616832149,0
433,file:///C:/Users/aadmon06/Downloads/VITALCLINIC%20160248%20(2828).pdf,VITALCLINIC 160248 (2828).pdf,1,0,13364404491396339,0
434,file:///C:/Users/aadmon06/Downloads/retenci%C3%B3n%20factura%20160880.pdf,retención factura 160880,1,0,13364412846735289,0
435,https://www.google.com/search?q=whatsapp+web&rlz=1C1GCEU_esVE1100VE1107&oq=&gs_lcrp=EgZjaHJvbWUqCQgAEEUYOxjCAzIJCAAQRRg7GMIDMgkIARBFGDsYwgMyCQgCEEUYOxjCAzIJCAMQRRg7GMIDMgkIBBBFGDsYwgMyCQgFEEUYOxjCAzIJCAYQRRg7GMIDMgkIBxBFGDsYwgPSAQk0MjA1ajBqMTWoAgiwAgE&sourceid=chrome&ie=UTF-8,whatsapp web - Buscar con Google,2,0,13364483294981912,0
436,file:///C:/Users/aadmon06/Downloads/RETENCION%20VITALCLINIC%20TODOFARMA.pdf,RETENCION VITALCLINIC.pdf,1,0,13364488121273439,0
437,file:///C:/Users/aadmon06/Downloads/vitaclinic%20sumar%20ret%20IVA.pdf,vitaclinic sumar ret IVA.pdf,1,0,13364494744869495,0
438,https://www.google.com/search?q=whatsapp+web&rlz=1C1GCEU_esVE1100VE1107&oq=&gs_lcrp=EgZjaHJvbWUqCQgAEEUYOxjCAzIJCAAQRRg7GMIDMgkIARBFGDsYwgMyCQgCEEUYOxjCAzIJCAMQRRg7GMIDMgkIBBBFGDsYwgMyCQgFEEUYOxjCAzIJCAYQRRg7GMIDMgkIBxBFGDsYwgPSAQkxMDk0ajBqMTWoAgiwAgE&sourceid=chrome&ie=UTF-8,whatsapp web - Buscar con Google,2,0,13364569164549272,0
439,file:///C:/Users/aadmon06/Downloads/vitaclinic%20sumar%20ret%20IVA%20(1).pdf,vitaclinic sumar ret IVA (1).pdf,1,0,13364584089190478,0
440,https://www.google.com/search?q=whatsapp+web&rlz=1C1GCEU_esVE1100VE1107&oq=&gs_lcrp=EgZjaHJvbWUqCQgAEEUYOxjCAzIJCAAQRRg7GMIDMgkIARBFGDsYwgMyCQgCEEUYOxjCAzIJCAMQRRg7GMIDMgkIBBBFGDsYwgMyCQgFEEUYOxjCAzIJCAYQRRg7GMIDMgkIBxBFGDsYwgPSAQkyMDE1ajBqMTWoAgiwAgE&sourceid=chrome&ie=UTF-8,whatsapp web - Buscar con Google,2,0,13364655661095980,0
441,file:///C:/Users/aadmon06/Downloads/ret%20IVA%20Sumar%20vitaclinic..pdf,ret IVA Sumar vitaclinic..pdf,2,0,13364684823636707,0
442,file:///C:/Users/aadmon06/Downloads/ret%20vitalclinic%20karlemar%20(1).pdf,ret vitalclinic karlemar (1).pdf,1,0,13364682495203761,0
443,"file:///C:/Users/aadmon06/Downloads/Ret%20VitalClinic,%20PP%20040724%20(1).pdf","Ret VitalClinic, PP 040724 (1).pdf",1,0,13364683046336941,0
444,https://www.google.com/search?q=whatsapp+web&rlz=1C1GCEU_esVE1100VE1107&oq=&gs_lcrp=EgZjaHJvbWUqCQgAEEUYOxjCAzIJCAAQRRg7GMIDMgkIARBFGDsYwgMyCQgCEEUYOxjCAzIJCAMQRRg7GMIDMgkIBBBFGDsYwgMyCQgFEEUYOxjCAzIJCAYQRRg7GMIDMgkIBxBFGDsYwgPSAQg3NDNqMGoxNagCCLACAQ&sourceid=chrome&ie=UTF-8,whatsapp web - Buscar con Google,2,0,13364742320596201,0
445,https://www.google.com/search?q=whatsapp+web&oq=&gs_lcrp=EgZjaHJvbWUqCQgAEEUYOxjCAzIJCAAQRRg7GMIDMgkIARBFGDsYwgMyCQgCEEUYOxjCAzIJCAMQRRg7GMIDMgkIBBBFGDsYwgMyCQgFEEUYOxjCAzIJCAYQRRg7GMIDMgkIBxBFGDsYwgPSAQkxMTUwajBqMTWoAgiwAgE&sourceid=chrome&ie=UTF-8,whatsapp web - Buscar con Google,2,0,13364914497388375,0
446,https://www.google.com/search?q=indice+de+inversion&oq=&gs_lcrp=EgZjaHJvbWUqCQgBEEUYOxjCAzIJCAAQRRg7GMIDMgkIARBFGDsYwgMyCQgCEEUYOxjCAzIJCAMQRRg7GMIDMgkIBBBFGDsYwgMyCQgFEEUYOxjCAzIJCAYQRRg7GMIDMgkIBxBFGDsYwgPSAQkxMTk4ajBqMTWoAgiwAgE&sourceid=chrome&ie=UTF-8,indice de inversion - Buscar con Google,2,0,13364914539443956,0
